[
{
  "pk": 1, 
  "model": "Architect.rootpart", 
  "fields": {
    "summary": "The Super Draco Controller interfaces with everything needed to control one Super Draco engine. This includes pilot valves, pressure sensors, and temperature sensors. The controller itself is managed by a flight computer.", 
    "name": "00102549-501", 
    "description": "Super Draco Controller"
  }
},
{
  "pk": 1, 
  "model": "Architect.part", 
  "fields": {
    "root_part": 1, 
    "name": "1"
  }
},
{
  "pk": 2, 
  "model": "Architect.partenclosure", 
  "fields": {
    "part": 1, 
    "shape_json": "{\"height\":4.6,\"width\":8.1,\"r\":0.1,\"type\":\"rect\"}"
  }
},
{
  "pk": 2, 
  "model": "Architect.connectorseries", 
  "fields": {
    "name": "MIL-DTL-D38999, Series III", 
    "summary": ""
  }
},
{
  "pk": 1, 
  "model": "Architect.connectorshell", 
  "fields": {
    "shape_json": "[{\"stroke-width\": 0.04, \"r\": 0.325, \"type\": \"circle\"}, {\"stroke-width\": 0.025, \"r\": 0.194, \"type\": \"circle\"}]", 
    "connector_series": 2, 
    "name": "9 Plug"
  }
},
{
  "pk": 2, 
  "model": "Architect.connectorshell", 
  "fields": {
    "shape_json": "[{\"stroke-width\": 0.06, \"r\": 0.224, \"type\": \"circle\"}]", 
    "connector_series": 2, 
    "name": "9 Receptacle"
  }
},
{
  "pk": 3, 
  "model": "Architect.connectorshell", 
  "fields": {
    "shape_json": "[{\"stroke-width\": 0.04, \"r\": 0.388, \"type\": \"circle\"}, {\"stroke-width\": 0.026, \"r\": 0.257, \"type\": \"circle\"}]", 
    "connector_series": 2, 
    "name": "11 Plug"
  }
},
{
  "pk": 4, 
  "model": "Architect.connectorshell", 
  "fields": {
    "shape_json": "[{\"stroke-width\": 0.059, \"r\": 0.287, \"type\": \"circle\"}]", 
    "connector_series": 2, 
    "name": "11 Receptacle"
  }
},
{
  "pk": 5, 
  "model": "Architect.connectorshell", 
  "fields": {
    "shape_json": "[{\"stroke-width\": 0.05, \"r\": 0.45, \"type\": \"circle\"}, {\"stroke-width\": 0.025, \"r\": 0.314, \"type\": \"circle\"}]", 
    "connector_series": 2, 
    "name": "13 Plug"
  }
},
{
  "pk": 6, 
  "model": "Architect.connectorshell", 
  "fields": {
    "shape_json": "[{\"stroke-width\": 0.065, \"r\": 0.344, \"type\": \"circle\"}]", 
    "connector_series": 2, 
    "name": "13 Receptacle"
  }
},
{
  "pk": 7, 
  "model": "Architect.connectorshell", 
  "fields": {
    "shape_json": "[{\"stroke-width\": 0.05, \"r\": 0.512, \"type\": \"circle\"}, {\"stroke-width\": 0.025, \"r\": 0.377, \"type\": \"circle\"}]", 
    "connector_series": 2, 
    "name": "15 Plug"
  }
},
{
  "pk": 8, 
  "model": "Architect.connectorshell", 
  "fields": {
    "shape_json": "[{\"stroke-width\": 0.065, \"r\": 0.406, \"type\": \"circle\"}]", 
    "connector_series": 2, 
    "name": "15 Receptacle"
  }
},
{
  "pk": 9, 
  "model": "Architect.connectorshell", 
  "fields": {
    "shape_json": "[{\"stroke-width\": 0.05, \"r\": 0.608, \"type\": \"circle\"}, {\"stroke-width\": 0.025, \"r\": 0.439, \"type\": \"circle\"}]", 
    "connector_series": 2, 
    "name": "17 Plug"
  }
},
{
  "pk": 10, 
  "model": "Architect.connectorshell", 
  "fields": {
    "shape_json": "[{\"stroke-width\": 0.089, \"r\": 0.469, \"type\": \"circle\"}]", 
    "connector_series": 2, 
    "name": "17 Receptacle"
  }
},
{
  "pk": 11, 
  "model": "Architect.connectorshell", 
  "fields": {
    "shape_json": "[{\"stroke-width\": 0.05, \"r\": 0.639, \"type\": \"circle\"}, {\"stroke-width\": 0.03, \"r\": 0.486, \"type\": \"circle\"}]", 
    "connector_series": 2, 
    "name": "19 Plug"
  }
},
{
  "pk": 12, 
  "model": "Architect.connectorshell", 
  "fields": {
    "shape_json": "[{\"stroke-width\": 0.068, \"r\": 0.521, \"type\": \"circle\"}]", 
    "connector_series": 2, 
    "name": "19 Receptacle"
  }
},
{
  "pk": 13, 
  "model": "Architect.connectorshell", 
  "fields": {
    "shape_json": "[{\"stroke-width\": 0.05, \"r\": 0.7, \"type\": \"circle\"}, {\"stroke-width\": 0.03, \"r\": 0.548, \"type\": \"circle\"}]", 
    "connector_series": 2, 
    "name": "21 Plug"
  }
},
{
  "pk": 14, 
  "model": "Architect.connectorshell", 
  "fields": {
    "shape_json": "[{\"stroke-width\": 0.068, \"r\": 0.584, \"type\": \"circle\"}]", 
    "connector_series": 2, 
    "name": "21 Receptacle"
  }
},
{
  "pk": 15, 
  "model": "Architect.connectorshell", 
  "fields": {
    "shape_json": "[{\"stroke-width\": 0.05, \"r\": 0.765, \"type\": \"circle\"}, {\"stroke-width\": 0.03, \"r\": 0.611, \"type\": \"circle\"}]", 
    "connector_series": 2, 
    "name": "23 Plug"
  }
},
{
  "pk": 16, 
  "model": "Architect.connectorshell", 
  "fields": {
    "shape_json": "[{\"stroke-width\": 0.068, \"r\": 0.646, \"type\": \"circle\"}]", 
    "connector_series": 2, 
    "name": "23 Receptacle"
  }
},
{
  "pk": 17, 
  "model": "Architect.connectorshell", 
  "fields": {
    "shape_json": "[{\"stroke-width\": 0.05, \"r\": 0.825, \"type\": \"circle\"}, {\"stroke-width\": 0.03, \"r\": 0.673, \"type\": \"circle\"}]", 
    "connector_series": 2, 
    "name": "25 Plug"
  }
},
{
  "pk": 18, 
  "model": "Architect.connectorshell", 
  "fields": {
    "shape_json": "[{\"stroke-width\": 0.068, \"r\": 0.709, \"type\": \"circle\"}]", 
    "connector_series": 2, 
    "name": "25 Receptacle"
  }
},
{
  "pk": 16, 
  "model": "Architect.connectorinsert", 
  "fields": {
    "shape_json": "{\"r\": 0.3885, \"type\": \"circle\"}", 
    "connector_series": 2, 
    "name": "17-35 Pins"
  }
},
{
  "pk": 17, 
  "model": "Architect.connectorinsert", 
  "fields": {
    "shape_json": "{\"r\": 0.3885, \"type\": \"circle\"}", 
    "connector_series": 2, 
    "name": "17-35 Sockets"
  }
},
{
  "pk": 18, 
  "model": "Architect.connectorinsert", 
  "fields": {
    "shape_json": "{\"r\": 0.2635, \"type\": \"circle\"}", 
    "connector_series": 2, 
    "name": "13-4 Pins"
  }
},
{
  "pk": 19, 
  "model": "Architect.connectorinsert", 
  "fields": {
    "shape_json": "{\"r\": 0.2635, \"type\": \"circle\"}", 
    "connector_series": 2, 
    "name": "13-4 Sockets"
  }
},
{
  "pk": 20, 
  "model": "Architect.connectorinsert", 
  "fields": {
    "shape_json": "{\"r\": 0.433, \"type\": \"circle\"}", 
    "connector_series": 2, 
    "name": "19-35 Pins"
  }
},
{
  "pk": 21, 
  "model": "Architect.connectorinsert", 
  "fields": {
    "shape_json": "{\"r\": 0.433, \"type\": \"circle\"}", 
    "connector_series": 2, 
    "name": "19-35 Sockets"
  }
},
{
  "pk": 1, 
  "model": "Architect.connectorcontacttype", 
  "fields": {
    "shape_json": "{\"r\": 0.03, \"type\": \"circle\"}", 
    "connector_series": 2, 
    "name": "22D Pin"
  }
},
{
  "pk": 2, 
  "model": "Architect.connectorcontacttype", 
  "fields": {
    "shape_json": "{\"stroke-width\": 0.01, \"r\": 0.02, \"type\": \"circle\"}", 
    "connector_series": 2, 
    "name": "22D Socket"
  }
},
{
  "pk": 3, 
  "model": "Architect.connectorcontacttype", 
  "fields": {
    "shape_json": "{\"r\": 0.0625, \"type\": \"circle\"}", 
    "connector_series": 2, 
    "name": "16 Pin"
  }
},
{
  "pk": 4, 
  "model": "Architect.connectorcontacttype", 
  "fields": {
    "shape_json": "{\"stroke-width\": 0.02, \"r\": 0.0425, \"type\": \"circle\"}", 
    "connector_series": 2, 
    "name": "16 Socket"
  }
},
{
  "pk": 5, 
  "model": "Architect.connectorcontacttype", 
  "fields": {
    "shape_json": "", 
    "connector_series": 2, 
    "name": "shell"
  }
},
{
  "pk": 331, 
  "model": "Architect.connectorcontactinstance", 
  "fields": {
    "position_json": "{\"y\": -0.004, \"x\": 0.312}", 
    "connector_contact_type": 1, 
    "connector_insert": 16, 
    "name": "54", 
    "order": 54
  }
},
{
  "pk": 332, 
  "model": "Architect.connectorcontactinstance", 
  "fields": {
    "position_json": "{\"y\": -0.004, \"x\": -0.312}", 
    "connector_contact_type": 2, 
    "connector_insert": 17, 
    "name": "54", 
    "order": 54
  }
},
{
  "pk": 333, 
  "model": "Architect.connectorcontactinstance", 
  "fields": {
    "position_json": "{\"y\": -0.139, \"x\": 0.234}", 
    "connector_contact_type": 1, 
    "connector_insert": 16, 
    "name": "51", 
    "order": 51
  }
},
{
  "pk": 334, 
  "model": "Architect.connectorcontactinstance", 
  "fields": {
    "position_json": "{\"y\": -0.139, \"x\": -0.234}", 
    "connector_contact_type": 2, 
    "connector_insert": 17, 
    "name": "51", 
    "order": 51
  }
},
{
  "pk": 335, 
  "model": "Architect.connectorcontactinstance", 
  "fields": {
    "position_json": "{\"y\": -0.139, \"x\": -0.078}", 
    "connector_contact_type": 1, 
    "connector_insert": 16, 
    "name": "22", 
    "order": 22
  }
},
{
  "pk": 336, 
  "model": "Architect.connectorcontactinstance", 
  "fields": {
    "position_json": "{\"y\": -0.139, \"x\": 0.078}", 
    "connector_contact_type": 2, 
    "connector_insert": 17, 
    "name": "22", 
    "order": 22
  }
},
{
  "pk": 337, 
  "model": "Architect.connectorcontactinstance", 
  "fields": {
    "position_json": "{\"y\": -0.004, \"x\": 0.156}", 
    "connector_contact_type": 1, 
    "connector_insert": 16, 
    "name": "43", 
    "order": 43
  }
},
{
  "pk": 338, 
  "model": "Architect.connectorcontactinstance", 
  "fields": {
    "position_json": "{\"y\": -0.004, \"x\": -0.156}", 
    "connector_contact_type": 2, 
    "connector_insert": 17, 
    "name": "43", 
    "order": 43
  }
},
{
  "pk": 339, 
  "model": "Architect.connectorcontactinstance", 
  "fields": {
    "position_json": "{\"y\": 0.176, \"x\": 0.0}", 
    "connector_contact_type": 1, 
    "connector_insert": 16, 
    "name": "26", 
    "order": 26
  }
},
{
  "pk": 340, 
  "model": "Architect.connectorcontactinstance", 
  "fields": {
    "position_json": "{\"y\": 0.176, \"x\": -0.0}", 
    "connector_contact_type": 2, 
    "connector_insert": 17, 
    "name": "26", 
    "order": 26
  }
},
{
  "pk": 341, 
  "model": "Architect.connectorcontactinstance", 
  "fields": {
    "position_json": "{\"y\": 0.086, \"x\": 0.312}", 
    "connector_contact_type": 1, 
    "connector_insert": 16, 
    "name": "53", 
    "order": 53
  }
},
{
  "pk": 342, 
  "model": "Architect.connectorcontactinstance", 
  "fields": {
    "position_json": "{\"y\": 0.086, \"x\": -0.312}", 
    "connector_contact_type": 2, 
    "connector_insert": 17, 
    "name": "53", 
    "order": 53
  }
},
{
  "pk": 343, 
  "model": "Architect.connectorcontactinstance", 
  "fields": {
    "position_json": "{\"y\": -0.229, \"x\": 0.234}", 
    "connector_contact_type": 1, 
    "connector_insert": 16, 
    "name": "52", 
    "order": 52
  }
},
{
  "pk": 344, 
  "model": "Architect.connectorcontactinstance", 
  "fields": {
    "position_json": "{\"y\": -0.229, \"x\": -0.234}", 
    "connector_contact_type": 2, 
    "connector_insert": 17, 
    "name": "52", 
    "order": 52
  }
},
{
  "pk": 345, 
  "model": "Architect.connectorcontactinstance", 
  "fields": {
    "position_json": "{\"y\": -0.319, \"x\": -0.078}", 
    "connector_contact_type": 1, 
    "connector_insert": 16, 
    "name": "24", 
    "order": 24
  }
},
{
  "pk": 346, 
  "model": "Architect.connectorcontactinstance", 
  "fields": {
    "position_json": "{\"y\": -0.319, \"x\": 0.078}", 
    "connector_contact_type": 2, 
    "connector_insert": 17, 
    "name": "24", 
    "order": 24
  }
},
{
  "pk": 347, 
  "model": "Architect.connectorcontactinstance", 
  "fields": {
    "position_json": "{\"y\": 0.329, \"x\": 0.0}", 
    "connector_contact_type": 1, 
    "connector_insert": 16, 
    "name": "25", 
    "order": 25
  }
},
{
  "pk": 348, 
  "model": "Architect.connectorcontactinstance", 
  "fields": {
    "position_json": "{\"y\": 0.329, \"x\": -0.0}", 
    "connector_contact_type": 2, 
    "connector_insert": 17, 
    "name": "25", 
    "order": 25
  }
},
{
  "pk": 349, 
  "model": "Architect.connectorcontactinstance", 
  "fields": {
    "position_json": "{\"y\": -0.229, \"x\": -0.078}", 
    "connector_contact_type": 1, 
    "connector_insert": 16, 
    "name": "23", 
    "order": 23
  }
},
{
  "pk": 350, 
  "model": "Architect.connectorcontactinstance", 
  "fields": {
    "position_json": "{\"y\": -0.229, \"x\": 0.078}", 
    "connector_contact_type": 2, 
    "connector_insert": 17, 
    "name": "23", 
    "order": 23
  }
},
{
  "pk": 351, 
  "model": "Architect.connectorcontactinstance", 
  "fields": {
    "position_json": "{\"y\": 0.086, \"x\": 0.0}", 
    "connector_contact_type": 1, 
    "connector_insert": 16, 
    "name": "27", 
    "order": 27
  }
},
{
  "pk": 352, 
  "model": "Architect.connectorcontactinstance", 
  "fields": {
    "position_json": "{\"y\": 0.086, \"x\": -0.0}", 
    "connector_contact_type": 2, 
    "connector_insert": 17, 
    "name": "27", 
    "order": 27
  }
},
{
  "pk": 353, 
  "model": "Architect.connectorcontactinstance", 
  "fields": {
    "position_json": "{\"y\": 0.041, \"x\": -0.078}", 
    "connector_contact_type": 1, 
    "connector_insert": 16, 
    "name": "20", 
    "order": 20
  }
},
{
  "pk": 354, 
  "model": "Architect.connectorcontactinstance", 
  "fields": {
    "position_json": "{\"y\": 0.041, \"x\": 0.078}", 
    "connector_contact_type": 2, 
    "connector_insert": 17, 
    "name": "20", 
    "order": 20
  }
},
{
  "pk": 355, 
  "model": "Architect.connectorcontactinstance", 
  "fields": {
    "position_json": "{\"y\": -0.049, \"x\": -0.078}", 
    "connector_contact_type": 1, 
    "connector_insert": 16, 
    "name": "21", 
    "order": 21
  }
},
{
  "pk": 356, 
  "model": "Architect.connectorcontactinstance", 
  "fields": {
    "position_json": "{\"y\": -0.049, \"x\": 0.078}", 
    "connector_contact_type": 2, 
    "connector_insert": 17, 
    "name": "21", 
    "order": 21
  }
},
{
  "pk": 357, 
  "model": "Architect.connectorcontactinstance", 
  "fields": {
    "position_json": "{\"y\": 0.131, \"x\": 0.234}", 
    "connector_contact_type": 1, 
    "connector_insert": 16, 
    "name": "48", 
    "order": 48
  }
},
{
  "pk": 358, 
  "model": "Architect.connectorcontactinstance", 
  "fields": {
    "position_json": "{\"y\": 0.131, \"x\": -0.234}", 
    "connector_contact_type": 2, 
    "connector_insert": 17, 
    "name": "48", 
    "order": 48
  }
},
{
  "pk": 359, 
  "model": "Architect.connectorcontactinstance", 
  "fields": {
    "position_json": "{\"y\": 0.041, \"x\": 0.234}", 
    "connector_contact_type": 1, 
    "connector_insert": 16, 
    "name": "49", 
    "order": 49
  }
},
{
  "pk": 360, 
  "model": "Architect.connectorcontactinstance", 
  "fields": {
    "position_json": "{\"y\": 0.041, \"x\": -0.234}", 
    "connector_contact_type": 2, 
    "connector_insert": 17, 
    "name": "49", 
    "order": 49
  }
},
{
  "pk": 361, 
  "model": "Architect.connectorcontactinstance", 
  "fields": {
    "position_json": "{\"y\": -0.274, \"x\": 0.156}", 
    "connector_contact_type": 1, 
    "connector_insert": 16, 
    "name": "46", 
    "order": 46
  }
},
{
  "pk": 362, 
  "model": "Architect.connectorcontactinstance", 
  "fields": {
    "position_json": "{\"y\": -0.274, \"x\": -0.156}", 
    "connector_contact_type": 2, 
    "connector_insert": 17, 
    "name": "46", 
    "order": 46
  }
},
{
  "pk": 363, 
  "model": "Architect.connectorcontactinstance", 
  "fields": {
    "position_json": "{\"y\": 0.221, \"x\": 0.242}", 
    "connector_contact_type": 1, 
    "connector_insert": 16, 
    "name": "47", 
    "order": 47
  }
},
{
  "pk": 364, 
  "model": "Architect.connectorcontactinstance", 
  "fields": {
    "position_json": "{\"y\": 0.221, \"x\": -0.242}", 
    "connector_contact_type": 2, 
    "connector_insert": 17, 
    "name": "47", 
    "order": 47
  }
},
{
  "pk": 365, 
  "model": "Architect.connectorcontactinstance", 
  "fields": {
    "position_json": "{\"y\": -0.094, \"x\": 0.156}", 
    "connector_contact_type": 1, 
    "connector_insert": 16, 
    "name": "44", 
    "order": 44
  }
},
{
  "pk": 366, 
  "model": "Architect.connectorcontactinstance", 
  "fields": {
    "position_json": "{\"y\": -0.094, \"x\": -0.156}", 
    "connector_contact_type": 2, 
    "connector_insert": 17, 
    "name": "44", 
    "order": 44
  }
},
{
  "pk": 367, 
  "model": "Architect.connectorcontactinstance", 
  "fields": {
    "position_json": "{\"y\": -0.184, \"x\": 0.156}", 
    "connector_contact_type": 1, 
    "connector_insert": 16, 
    "name": "45", 
    "order": 45
  }
},
{
  "pk": 368, 
  "model": "Architect.connectorcontactinstance", 
  "fields": {
    "position_json": "{\"y\": -0.184, \"x\": -0.156}", 
    "connector_contact_type": 2, 
    "connector_insert": 17, 
    "name": "45", 
    "order": 45
  }
},
{
  "pk": 369, 
  "model": "Architect.connectorcontactinstance", 
  "fields": {
    "position_json": "{\"y\": 0.086, \"x\": 0.156}", 
    "connector_contact_type": 1, 
    "connector_insert": 16, 
    "name": "42", 
    "order": 42
  }
},
{
  "pk": 370, 
  "model": "Architect.connectorcontactinstance", 
  "fields": {
    "position_json": "{\"y\": 0.086, \"x\": -0.156}", 
    "connector_contact_type": 2, 
    "connector_insert": 17, 
    "name": "42", 
    "order": 42
  }
},
{
  "pk": 371, 
  "model": "Architect.connectorcontactinstance", 
  "fields": {
    "position_json": "{\"y\": -0.094, \"x\": 0.0}", 
    "connector_contact_type": 1, 
    "connector_insert": 16, 
    "name": "29", 
    "order": 29
  }
},
{
  "pk": 372, 
  "model": "Architect.connectorcontactinstance", 
  "fields": {
    "position_json": "{\"y\": -0.094, \"x\": -0.0}", 
    "connector_contact_type": 2, 
    "connector_insert": 17, 
    "name": "29", 
    "order": 29
  }
},
{
  "pk": 373, 
  "model": "Architect.connectorcontactinstance", 
  "fields": {
    "position_json": "{\"y\": 0.279, \"x\": 0.172}", 
    "connector_contact_type": 1, 
    "connector_insert": 16, 
    "name": "40", 
    "order": 40
  }
},
{
  "pk": 374, 
  "model": "Architect.connectorcontactinstance", 
  "fields": {
    "position_json": "{\"y\": 0.279, \"x\": -0.172}", 
    "connector_contact_type": 2, 
    "connector_insert": 17, 
    "name": "40", 
    "order": 40
  }
},
{
  "pk": 375, 
  "model": "Architect.connectorcontactinstance", 
  "fields": {
    "position_json": "{\"y\": 0.176, \"x\": 0.156}", 
    "connector_contact_type": 1, 
    "connector_insert": 16, 
    "name": "41", 
    "order": 41
  }
},
{
  "pk": 376, 
  "model": "Architect.connectorcontactinstance", 
  "fields": {
    "position_json": "{\"y\": 0.176, \"x\": -0.156}", 
    "connector_contact_type": 2, 
    "connector_insert": 17, 
    "name": "41", 
    "order": 41
  }
},
{
  "pk": 377, 
  "model": "Architect.connectorcontactinstance", 
  "fields": {
    "position_json": "{\"y\": 0.086, \"x\": -0.312}", 
    "connector_contact_type": 1, 
    "connector_insert": 16, 
    "name": "1", 
    "order": 1
  }
},
{
  "pk": 378, 
  "model": "Architect.connectorcontactinstance", 
  "fields": {
    "position_json": "{\"y\": 0.086, \"x\": 0.312}", 
    "connector_contact_type": 2, 
    "connector_insert": 17, 
    "name": "1", 
    "order": 1
  }
},
{
  "pk": 379, 
  "model": "Architect.connectorcontactinstance", 
  "fields": {
    "position_json": "{\"y\": -0.094, \"x\": -0.312}", 
    "connector_contact_type": 1, 
    "connector_insert": 16, 
    "name": "3", 
    "order": 3
  }
},
{
  "pk": 380, 
  "model": "Architect.connectorcontactinstance", 
  "fields": {
    "position_json": "{\"y\": -0.094, \"x\": 0.312}", 
    "connector_contact_type": 2, 
    "connector_insert": 17, 
    "name": "3", 
    "order": 3
  }
},
{
  "pk": 381, 
  "model": "Architect.connectorcontactinstance", 
  "fields": {
    "position_json": "{\"y\": -0.004, \"x\": -0.312}", 
    "connector_contact_type": 1, 
    "connector_insert": 16, 
    "name": "2", 
    "order": 2
  }
},
{
  "pk": 382, 
  "model": "Architect.connectorcontactinstance", 
  "fields": {
    "position_json": "{\"y\": -0.004, \"x\": 0.312}", 
    "connector_contact_type": 2, 
    "connector_insert": 17, 
    "name": "2", 
    "order": 2
  }
},
{
  "pk": 383, 
  "model": "Architect.connectorcontactinstance", 
  "fields": {
    "position_json": "{\"y\": 0.131, \"x\": -0.234}", 
    "connector_contact_type": 1, 
    "connector_insert": 16, 
    "name": "5", 
    "order": 5
  }
},
{
  "pk": 384, 
  "model": "Architect.connectorcontactinstance", 
  "fields": {
    "position_json": "{\"y\": 0.131, \"x\": 0.234}", 
    "connector_contact_type": 2, 
    "connector_insert": 17, 
    "name": "5", 
    "order": 5
  }
},
{
  "pk": 385, 
  "model": "Architect.connectorcontactinstance", 
  "fields": {
    "position_json": "{\"y\": 0.221, \"x\": -0.242}", 
    "connector_contact_type": 1, 
    "connector_insert": 16, 
    "name": "4", 
    "order": 4
  }
},
{
  "pk": 386, 
  "model": "Architect.connectorcontactinstance", 
  "fields": {
    "position_json": "{\"y\": 0.221, \"x\": 0.242}", 
    "connector_contact_type": 2, 
    "connector_insert": 17, 
    "name": "4", 
    "order": 4
  }
},
{
  "pk": 387, 
  "model": "Architect.connectorcontactinstance", 
  "fields": {
    "position_json": "{\"y\": -0.049, \"x\": -0.234}", 
    "connector_contact_type": 1, 
    "connector_insert": 16, 
    "name": "7", 
    "order": 7
  }
},
{
  "pk": 388, 
  "model": "Architect.connectorcontactinstance", 
  "fields": {
    "position_json": "{\"y\": -0.049, \"x\": 0.234}", 
    "connector_contact_type": 2, 
    "connector_insert": 17, 
    "name": "7", 
    "order": 7
  }
},
{
  "pk": 389, 
  "model": "Architect.connectorcontactinstance", 
  "fields": {
    "position_json": "{\"y\": 0.041, \"x\": -0.234}", 
    "connector_contact_type": 1, 
    "connector_insert": 16, 
    "name": "6", 
    "order": 6
  }
},
{
  "pk": 390, 
  "model": "Architect.connectorcontactinstance", 
  "fields": {
    "position_json": "{\"y\": 0.041, \"x\": 0.234}", 
    "connector_contact_type": 2, 
    "connector_insert": 17, 
    "name": "6", 
    "order": 6
  }
},
{
  "pk": 391, 
  "model": "Architect.connectorcontactinstance", 
  "fields": {
    "position_json": "{\"y\": -0.229, \"x\": -0.234}", 
    "connector_contact_type": 1, 
    "connector_insert": 16, 
    "name": "9", 
    "order": 9
  }
},
{
  "pk": 392, 
  "model": "Architect.connectorcontactinstance", 
  "fields": {
    "position_json": "{\"y\": -0.229, \"x\": 0.234}", 
    "connector_contact_type": 2, 
    "connector_insert": 17, 
    "name": "9", 
    "order": 9
  }
},
{
  "pk": 393, 
  "model": "Architect.connectorcontactinstance", 
  "fields": {
    "position_json": "{\"y\": -0.139, \"x\": -0.234}", 
    "connector_contact_type": 1, 
    "connector_insert": 16, 
    "name": "8", 
    "order": 8
  }
},
{
  "pk": 394, 
  "model": "Architect.connectorcontactinstance", 
  "fields": {
    "position_json": "{\"y\": -0.139, \"x\": 0.234}", 
    "connector_contact_type": 2, 
    "connector_insert": 17, 
    "name": "8", 
    "order": 8
  }
},
{
  "pk": 395, 
  "model": "Architect.connectorcontactinstance", 
  "fields": {
    "position_json": "{\"y\": -0.004, \"x\": 0.0}", 
    "connector_contact_type": 1, 
    "connector_insert": 16, 
    "name": "28", 
    "order": 28
  }
},
{
  "pk": 396, 
  "model": "Architect.connectorcontactinstance", 
  "fields": {
    "position_json": "{\"y\": -0.004, \"x\": -0.0}", 
    "connector_contact_type": 2, 
    "connector_insert": 17, 
    "name": "28", 
    "order": 28
  }
},
{
  "pk": 397, 
  "model": "Architect.connectorcontactinstance", 
  "fields": {
    "position_json": "{\"y\": -0.004, \"x\": -0.156}", 
    "connector_contact_type": 1, 
    "connector_insert": 16, 
    "name": "13", 
    "order": 13
  }
},
{
  "pk": 398, 
  "model": "Architect.connectorcontactinstance", 
  "fields": {
    "position_json": "{\"y\": -0.004, \"x\": 0.156}", 
    "connector_contact_type": 2, 
    "connector_insert": 17, 
    "name": "13", 
    "order": 13
  }
},
{
  "pk": 399, 
  "model": "Architect.connectorcontactinstance", 
  "fields": {
    "position_json": "{\"y\": 0.086, \"x\": -0.156}", 
    "connector_contact_type": 1, 
    "connector_insert": 16, 
    "name": "12", 
    "order": 12
  }
},
{
  "pk": 400, 
  "model": "Architect.connectorcontactinstance", 
  "fields": {
    "position_json": "{\"y\": 0.086, \"x\": 0.156}", 
    "connector_contact_type": 2, 
    "connector_insert": 17, 
    "name": "12", 
    "order": 12
  }
},
{
  "pk": 401, 
  "model": "Architect.connectorcontactinstance", 
  "fields": {
    "position_json": "{\"y\": 0.176, \"x\": -0.156}", 
    "connector_contact_type": 1, 
    "connector_insert": 16, 
    "name": "11", 
    "order": 11
  }
},
{
  "pk": 402, 
  "model": "Architect.connectorcontactinstance", 
  "fields": {
    "position_json": "{\"y\": 0.176, \"x\": 0.156}", 
    "connector_contact_type": 2, 
    "connector_insert": 17, 
    "name": "11", 
    "order": 11
  }
},
{
  "pk": 403, 
  "model": "Architect.connectorcontactinstance", 
  "fields": {
    "position_json": "{\"y\": 0.279, \"x\": -0.172}", 
    "connector_contact_type": 1, 
    "connector_insert": 16, 
    "name": "10", 
    "order": 10
  }
},
{
  "pk": 404, 
  "model": "Architect.connectorcontactinstance", 
  "fields": {
    "position_json": "{\"y\": 0.279, \"x\": 0.172}", 
    "connector_contact_type": 2, 
    "connector_insert": 17, 
    "name": "10", 
    "order": 10
  }
},
{
  "pk": 405, 
  "model": "Architect.connectorcontactinstance", 
  "fields": {
    "position_json": "{\"y\": -0.319, \"x\": 0.078}", 
    "connector_contact_type": 1, 
    "connector_insert": 16, 
    "name": "39", 
    "order": 39
  }
},
{
  "pk": 406, 
  "model": "Architect.connectorcontactinstance", 
  "fields": {
    "position_json": "{\"y\": -0.319, \"x\": -0.078}", 
    "connector_contact_type": 2, 
    "connector_insert": 17, 
    "name": "39", 
    "order": 39
  }
},
{
  "pk": 407, 
  "model": "Architect.connectorcontactinstance", 
  "fields": {
    "position_json": "{\"y\": -0.229, \"x\": 0.078}", 
    "connector_contact_type": 1, 
    "connector_insert": 16, 
    "name": "38", 
    "order": 38
  }
},
{
  "pk": 408, 
  "model": "Architect.connectorcontactinstance", 
  "fields": {
    "position_json": "{\"y\": -0.229, \"x\": -0.078}", 
    "connector_contact_type": 2, 
    "connector_insert": 17, 
    "name": "38", 
    "order": 38
  }
},
{
  "pk": 409, 
  "model": "Architect.connectorcontactinstance", 
  "fields": {
    "position_json": "{\"y\": -0.184, \"x\": -0.156}", 
    "connector_contact_type": 1, 
    "connector_insert": 16, 
    "name": "15", 
    "order": 15
  }
},
{
  "pk": 410, 
  "model": "Architect.connectorcontactinstance", 
  "fields": {
    "position_json": "{\"y\": -0.184, \"x\": 0.156}", 
    "connector_contact_type": 2, 
    "connector_insert": 17, 
    "name": "15", 
    "order": 15
  }
},
{
  "pk": 411, 
  "model": "Architect.connectorcontactinstance", 
  "fields": {
    "position_json": "{\"y\": -0.094, \"x\": -0.156}", 
    "connector_contact_type": 1, 
    "connector_insert": 16, 
    "name": "14", 
    "order": 14
  }
},
{
  "pk": 412, 
  "model": "Architect.connectorcontactinstance", 
  "fields": {
    "position_json": "{\"y\": -0.094, \"x\": 0.156}", 
    "connector_contact_type": 2, 
    "connector_insert": 17, 
    "name": "14", 
    "order": 14
  }
},
{
  "pk": 413, 
  "model": "Architect.connectorcontactinstance", 
  "fields": {
    "position_json": "{\"y\": 0.316, \"x\": -0.089}", 
    "connector_contact_type": 1, 
    "connector_insert": 16, 
    "name": "17", 
    "order": 17
  }
},
{
  "pk": 414, 
  "model": "Architect.connectorcontactinstance", 
  "fields": {
    "position_json": "{\"y\": 0.316, \"x\": 0.089}", 
    "connector_contact_type": 2, 
    "connector_insert": 17, 
    "name": "17", 
    "order": 17
  }
},
{
  "pk": 415, 
  "model": "Architect.connectorcontactinstance", 
  "fields": {
    "position_json": "{\"y\": -0.274, \"x\": -0.156}", 
    "connector_contact_type": 1, 
    "connector_insert": 16, 
    "name": "16", 
    "order": 16
  }
},
{
  "pk": 416, 
  "model": "Architect.connectorcontactinstance", 
  "fields": {
    "position_json": "{\"y\": -0.274, \"x\": 0.156}", 
    "connector_contact_type": 2, 
    "connector_insert": 17, 
    "name": "16", 
    "order": 16
  }
},
{
  "pk": 417, 
  "model": "Architect.connectorcontactinstance", 
  "fields": {
    "position_json": "{\"y\": 0.221, \"x\": 0.078}", 
    "connector_contact_type": 1, 
    "connector_insert": 16, 
    "name": "33", 
    "order": 33
  }
},
{
  "pk": 418, 
  "model": "Architect.connectorcontactinstance", 
  "fields": {
    "position_json": "{\"y\": 0.221, \"x\": -0.078}", 
    "connector_contact_type": 2, 
    "connector_insert": 17, 
    "name": "33", 
    "order": 33
  }
},
{
  "pk": 419, 
  "model": "Architect.connectorcontactinstance", 
  "fields": {
    "position_json": "{\"y\": 0.316, \"x\": 0.089}", 
    "connector_contact_type": 1, 
    "connector_insert": 16, 
    "name": "32", 
    "order": 32
  }
},
{
  "pk": 420, 
  "model": "Architect.connectorcontactinstance", 
  "fields": {
    "position_json": "{\"y\": 0.316, \"x\": -0.089}", 
    "connector_contact_type": 2, 
    "connector_insert": 17, 
    "name": "32", 
    "order": 32
  }
},
{
  "pk": 421, 
  "model": "Architect.connectorcontactinstance", 
  "fields": {
    "position_json": "{\"y\": -0.274, \"x\": 0.0}", 
    "connector_contact_type": 1, 
    "connector_insert": 16, 
    "name": "31", 
    "order": 31
  }
},
{
  "pk": 422, 
  "model": "Architect.connectorcontactinstance", 
  "fields": {
    "position_json": "{\"y\": -0.274, \"x\": -0.0}", 
    "connector_contact_type": 2, 
    "connector_insert": 17, 
    "name": "31", 
    "order": 31
  }
},
{
  "pk": 423, 
  "model": "Architect.connectorcontactinstance", 
  "fields": {
    "position_json": "{\"y\": -0.184, \"x\": 0.0}", 
    "connector_contact_type": 1, 
    "connector_insert": 16, 
    "name": "30", 
    "order": 30
  }
},
{
  "pk": 424, 
  "model": "Architect.connectorcontactinstance", 
  "fields": {
    "position_json": "{\"y\": -0.184, \"x\": -0.0}", 
    "connector_contact_type": 2, 
    "connector_insert": 17, 
    "name": "30", 
    "order": 30
  }
},
{
  "pk": 425, 
  "model": "Architect.connectorcontactinstance", 
  "fields": {
    "position_json": "{\"y\": -0.139, \"x\": 0.078}", 
    "connector_contact_type": 1, 
    "connector_insert": 16, 
    "name": "37", 
    "order": 37
  }
},
{
  "pk": 426, 
  "model": "Architect.connectorcontactinstance", 
  "fields": {
    "position_json": "{\"y\": -0.139, \"x\": -0.078}", 
    "connector_contact_type": 2, 
    "connector_insert": 17, 
    "name": "37", 
    "order": 37
  }
},
{
  "pk": 427, 
  "model": "Architect.connectorcontactinstance", 
  "fields": {
    "position_json": "{\"y\": -0.049, \"x\": 0.078}", 
    "connector_contact_type": 1, 
    "connector_insert": 16, 
    "name": "36", 
    "order": 36
  }
},
{
  "pk": 428, 
  "model": "Architect.connectorcontactinstance", 
  "fields": {
    "position_json": "{\"y\": -0.049, \"x\": -0.078}", 
    "connector_contact_type": 2, 
    "connector_insert": 17, 
    "name": "36", 
    "order": 36
  }
},
{
  "pk": 429, 
  "model": "Architect.connectorcontactinstance", 
  "fields": {
    "position_json": "{\"y\": 0.041, \"x\": 0.078}", 
    "connector_contact_type": 1, 
    "connector_insert": 16, 
    "name": "35", 
    "order": 35
  }
},
{
  "pk": 430, 
  "model": "Architect.connectorcontactinstance", 
  "fields": {
    "position_json": "{\"y\": 0.041, \"x\": -0.078}", 
    "connector_contact_type": 2, 
    "connector_insert": 17, 
    "name": "35", 
    "order": 35
  }
},
{
  "pk": 431, 
  "model": "Architect.connectorcontactinstance", 
  "fields": {
    "position_json": "{\"y\": 0.131, \"x\": 0.078}", 
    "connector_contact_type": 1, 
    "connector_insert": 16, 
    "name": "34", 
    "order": 34
  }
},
{
  "pk": 432, 
  "model": "Architect.connectorcontactinstance", 
  "fields": {
    "position_json": "{\"y\": 0.131, \"x\": -0.078}", 
    "connector_contact_type": 2, 
    "connector_insert": 17, 
    "name": "34", 
    "order": 34
  }
},
{
  "pk": 433, 
  "model": "Architect.connectorcontactinstance", 
  "fields": {
    "position_json": "{\"y\": 0.131, \"x\": -0.078}", 
    "connector_contact_type": 1, 
    "connector_insert": 16, 
    "name": "19", 
    "order": 19
  }
},
{
  "pk": 434, 
  "model": "Architect.connectorcontactinstance", 
  "fields": {
    "position_json": "{\"y\": 0.131, \"x\": 0.078}", 
    "connector_contact_type": 2, 
    "connector_insert": 17, 
    "name": "19", 
    "order": 19
  }
},
{
  "pk": 435, 
  "model": "Architect.connectorcontactinstance", 
  "fields": {
    "position_json": "{\"y\": -0.094, \"x\": 0.312}", 
    "connector_contact_type": 1, 
    "connector_insert": 16, 
    "name": "55", 
    "order": 55
  }
},
{
  "pk": 436, 
  "model": "Architect.connectorcontactinstance", 
  "fields": {
    "position_json": "{\"y\": -0.094, \"x\": -0.312}", 
    "connector_contact_type": 2, 
    "connector_insert": 17, 
    "name": "55", 
    "order": 55
  }
},
{
  "pk": 437, 
  "model": "Architect.connectorcontactinstance", 
  "fields": {
    "position_json": "{\"y\": 0.221, \"x\": -0.078}", 
    "connector_contact_type": 1, 
    "connector_insert": 16, 
    "name": "18", 
    "order": 18
  }
},
{
  "pk": 438, 
  "model": "Architect.connectorcontactinstance", 
  "fields": {
    "position_json": "{\"y\": 0.221, \"x\": 0.078}", 
    "connector_contact_type": 2, 
    "connector_insert": 17, 
    "name": "18", 
    "order": 18
  }
},
{
  "pk": 439, 
  "model": "Architect.connectorcontactinstance", 
  "fields": {
    "position_json": "{\"y\": -0.049, \"x\": 0.234}", 
    "connector_contact_type": 1, 
    "connector_insert": 16, 
    "name": "50", 
    "order": 50
  }
},
{
  "pk": 440, 
  "model": "Architect.connectorcontactinstance", 
  "fields": {
    "position_json": "{\"y\": -0.049, \"x\": -0.234}", 
    "connector_contact_type": 2, 
    "connector_insert": 17, 
    "name": "50", 
    "order": 50
  }
},
{
  "pk": 441, 
  "model": "Architect.connectorcontactinstance", 
  "fields": {
    "position_json": "{\"y\": 0.15, \"x\": 0.0}", 
    "connector_contact_type": 3, 
    "connector_insert": 18, 
    "name": "A", 
    "order": 1
  }
},
{
  "pk": 442, 
  "model": "Architect.connectorcontactinstance", 
  "fields": {
    "position_json": "{\"y\": 0.15, \"x\": -0.0}", 
    "connector_contact_type": 4, 
    "connector_insert": 19, 
    "name": "A", 
    "order": 1
  }
},
{
  "pk": 443, 
  "model": "Architect.connectorcontactinstance", 
  "fields": {
    "position_json": "{\"y\": -0.083, \"x\": 0.0}", 
    "connector_contact_type": 3, 
    "connector_insert": 18, 
    "name": "C", 
    "order": 3
  }
},
{
  "pk": 444, 
  "model": "Architect.connectorcontactinstance", 
  "fields": {
    "position_json": "{\"y\": -0.083, \"x\": -0.0}", 
    "connector_contact_type": 4, 
    "connector_insert": 19, 
    "name": "C", 
    "order": 3
  }
},
{
  "pk": 445, 
  "model": "Architect.connectorcontactinstance", 
  "fields": {
    "position_json": "{\"y\": 0.035, \"x\": 0.146}", 
    "connector_contact_type": 3, 
    "connector_insert": 18, 
    "name": "B", 
    "order": 2
  }
},
{
  "pk": 446, 
  "model": "Architect.connectorcontactinstance", 
  "fields": {
    "position_json": "{\"y\": 0.035, \"x\": -0.146}", 
    "connector_contact_type": 4, 
    "connector_insert": 19, 
    "name": "B", 
    "order": 2
  }
},
{
  "pk": 447, 
  "model": "Architect.connectorcontactinstance", 
  "fields": {
    "position_json": "{\"y\": 0.035, \"x\": -0.146}", 
    "connector_contact_type": 3, 
    "connector_insert": 18, 
    "name": "D", 
    "order": 4
  }
},
{
  "pk": 448, 
  "model": "Architect.connectorcontactinstance", 
  "fields": {
    "position_json": "{\"y\": 0.035, \"x\": 0.146}", 
    "connector_contact_type": 4, 
    "connector_insert": 19, 
    "name": "D", 
    "order": 4
  }
},
{
  "pk": 449, 
  "model": "Architect.connectorcontactinstance", 
  "fields": {
    "position_json": "{\"y\": -0.18, \"x\": 0.201}", 
    "connector_contact_type": 1, 
    "connector_insert": 20, 
    "name": "56", 
    "order": 56
  }
},
{
  "pk": 450, 
  "model": "Architect.connectorcontactinstance", 
  "fields": {
    "position_json": "{\"y\": -0.18, \"x\": -0.201}", 
    "connector_contact_type": 2, 
    "connector_insert": 21, 
    "name": "56", 
    "order": 56
  }
},
{
  "pk": 451, 
  "model": "Architect.connectorcontactinstance", 
  "fields": {
    "position_json": "{\"y\": 0.27, \"x\": 0.201}", 
    "connector_contact_type": 1, 
    "connector_insert": 20, 
    "name": "51", 
    "order": 51
  }
},
{
  "pk": 452, 
  "model": "Architect.connectorcontactinstance", 
  "fields": {
    "position_json": "{\"y\": 0.27, \"x\": -0.201}", 
    "connector_contact_type": 2, 
    "connector_insert": 21, 
    "name": "51", 
    "order": 51
  }
},
{
  "pk": 453, 
  "model": "Architect.connectorcontactinstance", 
  "fields": {
    "position_json": "{\"y\": -0.135, \"x\": -0.123}", 
    "connector_contact_type": 1, 
    "connector_insert": 20, 
    "name": "22", 
    "order": 22
  }
},
{
  "pk": 454, 
  "model": "Architect.connectorcontactinstance", 
  "fields": {
    "position_json": "{\"y\": -0.135, \"x\": 0.123}", 
    "connector_contact_type": 2, 
    "connector_insert": 21, 
    "name": "22", 
    "order": 22
  }
},
{
  "pk": 455, 
  "model": "Architect.connectorcontactinstance", 
  "fields": {
    "position_json": "{\"y\": -0.315, \"x\": 0.123}", 
    "connector_contact_type": 1, 
    "connector_insert": 20, 
    "name": "50", 
    "order": 50
  }
},
{
  "pk": 456, 
  "model": "Architect.connectorcontactinstance", 
  "fields": {
    "position_json": "{\"y\": -0.315, \"x\": -0.123}", 
    "connector_contact_type": 2, 
    "connector_insert": 21, 
    "name": "50", 
    "order": 50
  }
},
{
  "pk": 457, 
  "model": "Architect.connectorcontactinstance", 
  "fields": {
    "position_json": "{\"y\": 0.045, \"x\": 0.279}", 
    "connector_contact_type": 1, 
    "connector_insert": 20, 
    "name": "60", 
    "order": 60
  }
},
{
  "pk": 458, 
  "model": "Architect.connectorcontactinstance", 
  "fields": {
    "position_json": "{\"y\": 0.045, \"x\": -0.279}", 
    "connector_contact_type": 2, 
    "connector_insert": 21, 
    "name": "60", 
    "order": 60
  }
},
{
  "pk": 459, 
  "model": "Architect.connectorcontactinstance", 
  "fields": {
    "position_json": "{\"y\": -0.045, \"x\": 0.279}", 
    "connector_contact_type": 1, 
    "connector_insert": 20, 
    "name": "61", 
    "order": 61
  }
},
{
  "pk": 460, 
  "model": "Architect.connectorcontactinstance", 
  "fields": {
    "position_json": "{\"y\": -0.045, \"x\": -0.279}", 
    "connector_contact_type": 2, 
    "connector_insert": 21, 
    "name": "61", 
    "order": 61
  }
},
{
  "pk": 461, 
  "model": "Architect.connectorcontactinstance", 
  "fields": {
    "position_json": "{\"y\": -0.135, \"x\": 0.279}", 
    "connector_contact_type": 1, 
    "connector_insert": 20, 
    "name": "62", 
    "order": 62
  }
},
{
  "pk": 462, 
  "model": "Architect.connectorcontactinstance", 
  "fields": {
    "position_json": "{\"y\": -0.135, \"x\": -0.279}", 
    "connector_contact_type": 2, 
    "connector_insert": 21, 
    "name": "62", 
    "order": 62
  }
},
{
  "pk": 463, 
  "model": "Architect.connectorcontactinstance", 
  "fields": {
    "position_json": "{\"y\": -0.225, \"x\": 0.279}", 
    "connector_contact_type": 1, 
    "connector_insert": 20, 
    "name": "63", 
    "order": 63
  }
},
{
  "pk": 464, 
  "model": "Architect.connectorcontactinstance", 
  "fields": {
    "position_json": "{\"y\": -0.225, \"x\": -0.279}", 
    "connector_contact_type": 2, 
    "connector_insert": 21, 
    "name": "63", 
    "order": 63
  }
},
{
  "pk": 465, 
  "model": "Architect.connectorcontactinstance", 
  "fields": {
    "position_json": "{\"y\": 0.09, \"x\": 0.357}", 
    "connector_contact_type": 1, 
    "connector_insert": 20, 
    "name": "64", 
    "order": 64
  }
},
{
  "pk": 466, 
  "model": "Architect.connectorcontactinstance", 
  "fields": {
    "position_json": "{\"y\": 0.09, \"x\": -0.357}", 
    "connector_contact_type": 2, 
    "connector_insert": 21, 
    "name": "64", 
    "order": 64
  }
},
{
  "pk": 467, 
  "model": "Architect.connectorcontactinstance", 
  "fields": {
    "position_json": "{\"y\": 0.09, \"x\": 0.201}", 
    "connector_contact_type": 1, 
    "connector_insert": 20, 
    "name": "53", 
    "order": 53
  }
},
{
  "pk": 468, 
  "model": "Architect.connectorcontactinstance", 
  "fields": {
    "position_json": "{\"y\": 0.09, \"x\": -0.201}", 
    "connector_contact_type": 2, 
    "connector_insert": 21, 
    "name": "53", 
    "order": 53
  }
},
{
  "pk": 469, 
  "model": "Architect.connectorcontactinstance", 
  "fields": {
    "position_json": "{\"y\": -0.09, \"x\": 0.357}", 
    "connector_contact_type": 1, 
    "connector_insert": 20, 
    "name": "66", 
    "order": 66
  }
},
{
  "pk": 470, 
  "model": "Architect.connectorcontactinstance", 
  "fields": {
    "position_json": "{\"y\": -0.09, \"x\": -0.357}", 
    "connector_contact_type": 2, 
    "connector_insert": 21, 
    "name": "66", 
    "order": 66
  }
},
{
  "pk": 471, 
  "model": "Architect.connectorcontactinstance", 
  "fields": {
    "position_json": "{\"y\": 0.18, \"x\": 0.201}", 
    "connector_contact_type": 1, 
    "connector_insert": 20, 
    "name": "52", 
    "order": 52
  }
},
{
  "pk": 472, 
  "model": "Architect.connectorcontactinstance", 
  "fields": {
    "position_json": "{\"y\": 0.18, \"x\": -0.201}", 
    "connector_contact_type": 2, 
    "connector_insert": 21, 
    "name": "52", 
    "order": 52
  }
},
{
  "pk": 473, 
  "model": "Architect.connectorcontactinstance", 
  "fields": {
    "position_json": "{\"y\": -0.315, \"x\": -0.123}", 
    "connector_contact_type": 1, 
    "connector_insert": 20, 
    "name": "24", 
    "order": 24
  }
},
{
  "pk": 474, 
  "model": "Architect.connectorcontactinstance", 
  "fields": {
    "position_json": "{\"y\": -0.315, \"x\": 0.123}", 
    "connector_contact_type": 2, 
    "connector_insert": 21, 
    "name": "24", 
    "order": 24
  }
},
{
  "pk": 475, 
  "model": "Architect.connectorcontactinstance", 
  "fields": {
    "position_json": "{\"y\": 0.36, \"x\": -0.045}", 
    "connector_contact_type": 1, 
    "connector_insert": 20, 
    "name": "25", 
    "order": 25
  }
},
{
  "pk": 476, 
  "model": "Architect.connectorcontactinstance", 
  "fields": {
    "position_json": "{\"y\": 0.36, \"x\": 0.045}", 
    "connector_contact_type": 2, 
    "connector_insert": 21, 
    "name": "25", 
    "order": 25
  }
},
{
  "pk": 477, 
  "model": "Architect.connectorcontactinstance", 
  "fields": {
    "position_json": "{\"y\": 0.27, \"x\": -0.045}", 
    "connector_contact_type": 1, 
    "connector_insert": 20, 
    "name": "26", 
    "order": 26
  }
},
{
  "pk": 478, 
  "model": "Architect.connectorcontactinstance", 
  "fields": {
    "position_json": "{\"y\": 0.27, \"x\": 0.045}", 
    "connector_contact_type": 2, 
    "connector_insert": 21, 
    "name": "26", 
    "order": 26
  }
},
{
  "pk": 479, 
  "model": "Architect.connectorcontactinstance", 
  "fields": {
    "position_json": "{\"y\": 0.18, \"x\": -0.045}", 
    "connector_contact_type": 1, 
    "connector_insert": 20, 
    "name": "27", 
    "order": 27
  }
},
{
  "pk": 480, 
  "model": "Architect.connectorcontactinstance", 
  "fields": {
    "position_json": "{\"y\": 0.18, \"x\": 0.045}", 
    "connector_contact_type": 2, 
    "connector_insert": 21, 
    "name": "27", 
    "order": 27
  }
},
{
  "pk": 481, 
  "model": "Architect.connectorcontactinstance", 
  "fields": {
    "position_json": "{\"y\": 0.045, \"x\": -0.123}", 
    "connector_contact_type": 1, 
    "connector_insert": 20, 
    "name": "20", 
    "order": 20
  }
},
{
  "pk": 482, 
  "model": "Architect.connectorcontactinstance", 
  "fields": {
    "position_json": "{\"y\": 0.045, \"x\": 0.123}", 
    "connector_contact_type": 2, 
    "connector_insert": 21, 
    "name": "20", 
    "order": 20
  }
},
{
  "pk": 483, 
  "model": "Architect.connectorcontactinstance", 
  "fields": {
    "position_json": "{\"y\": -0.045, \"x\": -0.123}", 
    "connector_contact_type": 1, 
    "connector_insert": 20, 
    "name": "21", 
    "order": 21
  }
},
{
  "pk": 484, 
  "model": "Architect.connectorcontactinstance", 
  "fields": {
    "position_json": "{\"y\": -0.045, \"x\": 0.123}", 
    "connector_contact_type": 2, 
    "connector_insert": 21, 
    "name": "21", 
    "order": 21
  }
},
{
  "pk": 485, 
  "model": "Architect.connectorcontactinstance", 
  "fields": {
    "position_json": "{\"y\": -0.135, \"x\": 0.123}", 
    "connector_contact_type": 1, 
    "connector_insert": 20, 
    "name": "48", 
    "order": 48
  }
},
{
  "pk": 486, 
  "model": "Architect.connectorcontactinstance", 
  "fields": {
    "position_json": "{\"y\": -0.135, \"x\": -0.123}", 
    "connector_contact_type": 2, 
    "connector_insert": 21, 
    "name": "48", 
    "order": 48
  }
},
{
  "pk": 487, 
  "model": "Architect.connectorcontactinstance", 
  "fields": {
    "position_json": "{\"y\": -0.225, \"x\": 0.123}", 
    "connector_contact_type": 1, 
    "connector_insert": 20, 
    "name": "49", 
    "order": 49
  }
},
{
  "pk": 488, 
  "model": "Architect.connectorcontactinstance", 
  "fields": {
    "position_json": "{\"y\": -0.225, \"x\": -0.123}", 
    "connector_contact_type": 2, 
    "connector_insert": 21, 
    "name": "49", 
    "order": 49
  }
},
{
  "pk": 489, 
  "model": "Architect.connectorcontactinstance", 
  "fields": {
    "position_json": "{\"y\": 0.045, \"x\": 0.123}", 
    "connector_contact_type": 1, 
    "connector_insert": 20, 
    "name": "46", 
    "order": 46
  }
},
{
  "pk": 490, 
  "model": "Architect.connectorcontactinstance", 
  "fields": {
    "position_json": "{\"y\": 0.045, \"x\": -0.123}", 
    "connector_contact_type": 2, 
    "connector_insert": 21, 
    "name": "46", 
    "order": 46
  }
},
{
  "pk": 491, 
  "model": "Architect.connectorcontactinstance", 
  "fields": {
    "position_json": "{\"y\": -0.045, \"x\": 0.123}", 
    "connector_contact_type": 1, 
    "connector_insert": 20, 
    "name": "47", 
    "order": 47
  }
},
{
  "pk": 492, 
  "model": "Architect.connectorcontactinstance", 
  "fields": {
    "position_json": "{\"y\": -0.045, \"x\": -0.123}", 
    "connector_contact_type": 2, 
    "connector_insert": 21, 
    "name": "47", 
    "order": 47
  }
},
{
  "pk": 493, 
  "model": "Architect.connectorcontactinstance", 
  "fields": {
    "position_json": "{\"y\": 0.225, \"x\": 0.123}", 
    "connector_contact_type": 1, 
    "connector_insert": 20, 
    "name": "44", 
    "order": 44
  }
},
{
  "pk": 494, 
  "model": "Architect.connectorcontactinstance", 
  "fields": {
    "position_json": "{\"y\": 0.225, \"x\": -0.123}", 
    "connector_contact_type": 2, 
    "connector_insert": 21, 
    "name": "44", 
    "order": 44
  }
},
{
  "pk": 495, 
  "model": "Architect.connectorcontactinstance", 
  "fields": {
    "position_json": "{\"y\": 0.135, \"x\": 0.123}", 
    "connector_contact_type": 1, 
    "connector_insert": 20, 
    "name": "45", 
    "order": 45
  }
},
{
  "pk": 496, 
  "model": "Architect.connectorcontactinstance", 
  "fields": {
    "position_json": "{\"y\": 0.135, \"x\": -0.123}", 
    "connector_contact_type": 2, 
    "connector_insert": 21, 
    "name": "45", 
    "order": 45
  }
},
{
  "pk": 497, 
  "model": "Architect.connectorcontactinstance", 
  "fields": {
    "position_json": "{\"y\": -0.36, \"x\": 0.045}", 
    "connector_contact_type": 1, 
    "connector_insert": 20, 
    "name": "42", 
    "order": 42
  }
},
{
  "pk": 498, 
  "model": "Architect.connectorcontactinstance", 
  "fields": {
    "position_json": "{\"y\": -0.36, \"x\": -0.045}", 
    "connector_contact_type": 2, 
    "connector_insert": 21, 
    "name": "42", 
    "order": 42
  }
},
{
  "pk": 499, 
  "model": "Architect.connectorcontactinstance", 
  "fields": {
    "position_json": "{\"y\": 0.315, \"x\": 0.123}", 
    "connector_contact_type": 1, 
    "connector_insert": 20, 
    "name": "43", 
    "order": 43
  }
},
{
  "pk": 500, 
  "model": "Architect.connectorcontactinstance", 
  "fields": {
    "position_json": "{\"y\": 0.315, \"x\": -0.123}", 
    "connector_contact_type": 2, 
    "connector_insert": 21, 
    "name": "43", 
    "order": 43
  }
},
{
  "pk": 501, 
  "model": "Architect.connectorcontactinstance", 
  "fields": {
    "position_json": "{\"y\": -0.18, \"x\": 0.045}", 
    "connector_contact_type": 1, 
    "connector_insert": 20, 
    "name": "40", 
    "order": 40
  }
},
{
  "pk": 502, 
  "model": "Architect.connectorcontactinstance", 
  "fields": {
    "position_json": "{\"y\": -0.18, \"x\": -0.045}", 
    "connector_contact_type": 2, 
    "connector_insert": 21, 
    "name": "40", 
    "order": 40
  }
},
{
  "pk": 503, 
  "model": "Architect.connectorcontactinstance", 
  "fields": {
    "position_json": "{\"y\": -0.27, \"x\": 0.045}", 
    "connector_contact_type": 1, 
    "connector_insert": 20, 
    "name": "41", 
    "order": 41
  }
},
{
  "pk": 504, 
  "model": "Architect.connectorcontactinstance", 
  "fields": {
    "position_json": "{\"y\": -0.27, \"x\": -0.045}", 
    "connector_contact_type": 2, 
    "connector_insert": 21, 
    "name": "41", 
    "order": 41
  }
},
{
  "pk": 505, 
  "model": "Architect.connectorcontactinstance", 
  "fields": {
    "position_json": "{\"y\": 0.09, \"x\": -0.357}", 
    "connector_contact_type": 1, 
    "connector_insert": 20, 
    "name": "1", 
    "order": 1
  }
},
{
  "pk": 506, 
  "model": "Architect.connectorcontactinstance", 
  "fields": {
    "position_json": "{\"y\": 0.09, \"x\": 0.357}", 
    "connector_contact_type": 2, 
    "connector_insert": 21, 
    "name": "1", 
    "order": 1
  }
},
{
  "pk": 507, 
  "model": "Architect.connectorcontactinstance", 
  "fields": {
    "position_json": "{\"y\": -0.09, \"x\": -0.357}", 
    "connector_contact_type": 1, 
    "connector_insert": 20, 
    "name": "3", 
    "order": 3
  }
},
{
  "pk": 508, 
  "model": "Architect.connectorcontactinstance", 
  "fields": {
    "position_json": "{\"y\": -0.09, \"x\": 0.357}", 
    "connector_contact_type": 2, 
    "connector_insert": 21, 
    "name": "3", 
    "order": 3
  }
},
{
  "pk": 509, 
  "model": "Architect.connectorcontactinstance", 
  "fields": {
    "position_json": "{\"y\": 0.0, \"x\": -0.357}", 
    "connector_contact_type": 1, 
    "connector_insert": 20, 
    "name": "2", 
    "order": 2
  }
},
{
  "pk": 510, 
  "model": "Architect.connectorcontactinstance", 
  "fields": {
    "position_json": "{\"y\": 0.0, \"x\": 0.357}", 
    "connector_contact_type": 2, 
    "connector_insert": 21, 
    "name": "2", 
    "order": 2
  }
},
{
  "pk": 511, 
  "model": "Architect.connectorcontactinstance", 
  "fields": {
    "position_json": "{\"y\": 0.135, \"x\": -0.279}", 
    "connector_contact_type": 1, 
    "connector_insert": 20, 
    "name": "5", 
    "order": 5
  }
},
{
  "pk": 512, 
  "model": "Architect.connectorcontactinstance", 
  "fields": {
    "position_json": "{\"y\": 0.135, \"x\": 0.279}", 
    "connector_contact_type": 2, 
    "connector_insert": 21, 
    "name": "5", 
    "order": 5
  }
},
{
  "pk": 513, 
  "model": "Architect.connectorcontactinstance", 
  "fields": {
    "position_json": "{\"y\": 0.225, \"x\": -0.279}", 
    "connector_contact_type": 1, 
    "connector_insert": 20, 
    "name": "4", 
    "order": 4
  }
},
{
  "pk": 514, 
  "model": "Architect.connectorcontactinstance", 
  "fields": {
    "position_json": "{\"y\": 0.225, \"x\": 0.279}", 
    "connector_contact_type": 2, 
    "connector_insert": 21, 
    "name": "4", 
    "order": 4
  }
},
{
  "pk": 515, 
  "model": "Architect.connectorcontactinstance", 
  "fields": {
    "position_json": "{\"y\": -0.045, \"x\": -0.279}", 
    "connector_contact_type": 1, 
    "connector_insert": 20, 
    "name": "7", 
    "order": 7
  }
},
{
  "pk": 516, 
  "model": "Architect.connectorcontactinstance", 
  "fields": {
    "position_json": "{\"y\": -0.045, \"x\": 0.279}", 
    "connector_contact_type": 2, 
    "connector_insert": 21, 
    "name": "7", 
    "order": 7
  }
},
{
  "pk": 517, 
  "model": "Architect.connectorcontactinstance", 
  "fields": {
    "position_json": "{\"y\": 0.045, \"x\": -0.279}", 
    "connector_contact_type": 1, 
    "connector_insert": 20, 
    "name": "6", 
    "order": 6
  }
},
{
  "pk": 518, 
  "model": "Architect.connectorcontactinstance", 
  "fields": {
    "position_json": "{\"y\": 0.045, \"x\": 0.279}", 
    "connector_contact_type": 2, 
    "connector_insert": 21, 
    "name": "6", 
    "order": 6
  }
},
{
  "pk": 519, 
  "model": "Architect.connectorcontactinstance", 
  "fields": {
    "position_json": "{\"y\": -0.225, \"x\": -0.279}", 
    "connector_contact_type": 1, 
    "connector_insert": 20, 
    "name": "9", 
    "order": 9
  }
},
{
  "pk": 520, 
  "model": "Architect.connectorcontactinstance", 
  "fields": {
    "position_json": "{\"y\": -0.225, \"x\": 0.279}", 
    "connector_contact_type": 2, 
    "connector_insert": 21, 
    "name": "9", 
    "order": 9
  }
},
{
  "pk": 521, 
  "model": "Architect.connectorcontactinstance", 
  "fields": {
    "position_json": "{\"y\": -0.135, \"x\": -0.279}", 
    "connector_contact_type": 1, 
    "connector_insert": 20, 
    "name": "8", 
    "order": 8
  }
},
{
  "pk": 522, 
  "model": "Architect.connectorcontactinstance", 
  "fields": {
    "position_json": "{\"y\": -0.135, \"x\": 0.279}", 
    "connector_contact_type": 2, 
    "connector_insert": 21, 
    "name": "8", 
    "order": 8
  }
},
{
  "pk": 523, 
  "model": "Architect.connectorcontactinstance", 
  "fields": {
    "position_json": "{\"y\": 0.09, \"x\": -0.045}", 
    "connector_contact_type": 1, 
    "connector_insert": 20, 
    "name": "28", 
    "order": 28
  }
},
{
  "pk": 524, 
  "model": "Architect.connectorcontactinstance", 
  "fields": {
    "position_json": "{\"y\": 0.09, \"x\": 0.045}", 
    "connector_contact_type": 2, 
    "connector_insert": 21, 
    "name": "28", 
    "order": 28
  }
},
{
  "pk": 525, 
  "model": "Architect.connectorcontactinstance", 
  "fields": {
    "position_json": "{\"y\": -0.36, \"x\": -0.045}", 
    "connector_contact_type": 1, 
    "connector_insert": 20, 
    "name": "33", 
    "order": 33
  }
},
{
  "pk": 526, 
  "model": "Architect.connectorcontactinstance", 
  "fields": {
    "position_json": "{\"y\": -0.36, \"x\": 0.045}", 
    "connector_contact_type": 2, 
    "connector_insert": 21, 
    "name": "33", 
    "order": 33
  }
},
{
  "pk": 527, 
  "model": "Architect.connectorcontactinstance", 
  "fields": {
    "position_json": "{\"y\": 0.0, \"x\": -0.201}", 
    "connector_contact_type": 1, 
    "connector_insert": 20, 
    "name": "13", 
    "order": 13
  }
},
{
  "pk": 528, 
  "model": "Architect.connectorcontactinstance", 
  "fields": {
    "position_json": "{\"y\": 0.0, \"x\": 0.201}", 
    "connector_contact_type": 2, 
    "connector_insert": 21, 
    "name": "13", 
    "order": 13
  }
},
{
  "pk": 529, 
  "model": "Architect.connectorcontactinstance", 
  "fields": {
    "position_json": "{\"y\": 0.09, \"x\": -0.201}", 
    "connector_contact_type": 1, 
    "connector_insert": 20, 
    "name": "12", 
    "order": 12
  }
},
{
  "pk": 530, 
  "model": "Architect.connectorcontactinstance", 
  "fields": {
    "position_json": "{\"y\": 0.09, \"x\": 0.201}", 
    "connector_contact_type": 2, 
    "connector_insert": 21, 
    "name": "12", 
    "order": 12
  }
},
{
  "pk": 531, 
  "model": "Architect.connectorcontactinstance", 
  "fields": {
    "position_json": "{\"y\": -0.09, \"x\": -0.045}", 
    "connector_contact_type": 1, 
    "connector_insert": 20, 
    "name": "30", 
    "order": 30
  }
},
{
  "pk": 532, 
  "model": "Architect.connectorcontactinstance", 
  "fields": {
    "position_json": "{\"y\": -0.09, \"x\": 0.045}", 
    "connector_contact_type": 2, 
    "connector_insert": 21, 
    "name": "30", 
    "order": 30
  }
},
{
  "pk": 533, 
  "model": "Architect.connectorcontactinstance", 
  "fields": {
    "position_json": "{\"y\": 0.135, \"x\": 0.279}", 
    "connector_contact_type": 1, 
    "connector_insert": 20, 
    "name": "59", 
    "order": 59
  }
},
{
  "pk": 534, 
  "model": "Architect.connectorcontactinstance", 
  "fields": {
    "position_json": "{\"y\": 0.135, \"x\": -0.279}", 
    "connector_contact_type": 2, 
    "connector_insert": 21, 
    "name": "59", 
    "order": 59
  }
},
{
  "pk": 535, 
  "model": "Architect.connectorcontactinstance", 
  "fields": {
    "position_json": "{\"y\": 0.0, \"x\": -0.045}", 
    "connector_contact_type": 1, 
    "connector_insert": 20, 
    "name": "29", 
    "order": 29
  }
},
{
  "pk": 536, 
  "model": "Architect.connectorcontactinstance", 
  "fields": {
    "position_json": "{\"y\": 0.0, \"x\": 0.045}", 
    "connector_contact_type": 2, 
    "connector_insert": 21, 
    "name": "29", 
    "order": 29
  }
},
{
  "pk": 537, 
  "model": "Architect.connectorcontactinstance", 
  "fields": {
    "position_json": "{\"y\": -0.27, \"x\": -0.045}", 
    "connector_contact_type": 1, 
    "connector_insert": 20, 
    "name": "32", 
    "order": 32
  }
},
{
  "pk": 538, 
  "model": "Architect.connectorcontactinstance", 
  "fields": {
    "position_json": "{\"y\": -0.27, \"x\": 0.045}", 
    "connector_contact_type": 2, 
    "connector_insert": 21, 
    "name": "32", 
    "order": 32
  }
},
{
  "pk": 539, 
  "model": "Architect.connectorcontactinstance", 
  "fields": {
    "position_json": "{\"y\": 0.225, \"x\": 0.279}", 
    "connector_contact_type": 1, 
    "connector_insert": 20, 
    "name": "58", 
    "order": 58
  }
},
{
  "pk": 540, 
  "model": "Architect.connectorcontactinstance", 
  "fields": {
    "position_json": "{\"y\": 0.225, \"x\": -0.279}", 
    "connector_contact_type": 2, 
    "connector_insert": 21, 
    "name": "58", 
    "order": 58
  }
},
{
  "pk": 541, 
  "model": "Architect.connectorcontactinstance", 
  "fields": {
    "position_json": "{\"y\": 0.18, \"x\": -0.201}", 
    "connector_contact_type": 1, 
    "connector_insert": 20, 
    "name": "11", 
    "order": 11
  }
},
{
  "pk": 542, 
  "model": "Architect.connectorcontactinstance", 
  "fields": {
    "position_json": "{\"y\": 0.18, \"x\": 0.201}", 
    "connector_contact_type": 2, 
    "connector_insert": 21, 
    "name": "11", 
    "order": 11
  }
},
{
  "pk": 543, 
  "model": "Architect.connectorcontactinstance", 
  "fields": {
    "position_json": "{\"y\": 0.27, \"x\": -0.201}", 
    "connector_contact_type": 1, 
    "connector_insert": 20, 
    "name": "10", 
    "order": 10
  }
},
{
  "pk": 544, 
  "model": "Architect.connectorcontactinstance", 
  "fields": {
    "position_json": "{\"y\": 0.27, \"x\": 0.201}", 
    "connector_contact_type": 2, 
    "connector_insert": 21, 
    "name": "10", 
    "order": 10
  }
},
{
  "pk": 545, 
  "model": "Architect.connectorcontactinstance", 
  "fields": {
    "position_json": "{\"y\": -0.09, \"x\": 0.045}", 
    "connector_contact_type": 1, 
    "connector_insert": 20, 
    "name": "39", 
    "order": 39
  }
},
{
  "pk": 546, 
  "model": "Architect.connectorcontactinstance", 
  "fields": {
    "position_json": "{\"y\": -0.09, \"x\": -0.045}", 
    "connector_contact_type": 2, 
    "connector_insert": 21, 
    "name": "39", 
    "order": 39
  }
},
{
  "pk": 547, 
  "model": "Architect.connectorcontactinstance", 
  "fields": {
    "position_json": "{\"y\": 0.0, \"x\": 0.045}", 
    "connector_contact_type": 1, 
    "connector_insert": 20, 
    "name": "38", 
    "order": 38
  }
},
{
  "pk": 548, 
  "model": "Architect.connectorcontactinstance", 
  "fields": {
    "position_json": "{\"y\": 0.0, \"x\": -0.045}", 
    "connector_contact_type": 2, 
    "connector_insert": 21, 
    "name": "38", 
    "order": 38
  }
},
{
  "pk": 549, 
  "model": "Architect.connectorcontactinstance", 
  "fields": {
    "position_json": "{\"y\": -0.18, \"x\": -0.201}", 
    "connector_contact_type": 1, 
    "connector_insert": 20, 
    "name": "15", 
    "order": 15
  }
},
{
  "pk": 550, 
  "model": "Architect.connectorcontactinstance", 
  "fields": {
    "position_json": "{\"y\": -0.18, \"x\": 0.201}", 
    "connector_contact_type": 2, 
    "connector_insert": 21, 
    "name": "15", 
    "order": 15
  }
},
{
  "pk": 551, 
  "model": "Architect.connectorcontactinstance", 
  "fields": {
    "position_json": "{\"y\": -0.09, \"x\": -0.201}", 
    "connector_contact_type": 1, 
    "connector_insert": 20, 
    "name": "14", 
    "order": 14
  }
},
{
  "pk": 552, 
  "model": "Architect.connectorcontactinstance", 
  "fields": {
    "position_json": "{\"y\": -0.09, \"x\": 0.201}", 
    "connector_contact_type": 2, 
    "connector_insert": 21, 
    "name": "14", 
    "order": 14
  }
},
{
  "pk": 553, 
  "model": "Architect.connectorcontactinstance", 
  "fields": {
    "position_json": "{\"y\": 0.315, \"x\": -0.123}", 
    "connector_contact_type": 1, 
    "connector_insert": 20, 
    "name": "17", 
    "order": 17
  }
},
{
  "pk": 554, 
  "model": "Architect.connectorcontactinstance", 
  "fields": {
    "position_json": "{\"y\": 0.315, \"x\": 0.123}", 
    "connector_contact_type": 2, 
    "connector_insert": 21, 
    "name": "17", 
    "order": 17
  }
},
{
  "pk": 555, 
  "model": "Architect.connectorcontactinstance", 
  "fields": {
    "position_json": "{\"y\": -0.27, \"x\": -0.201}", 
    "connector_contact_type": 1, 
    "connector_insert": 20, 
    "name": "16", 
    "order": 16
  }
},
{
  "pk": 556, 
  "model": "Architect.connectorcontactinstance", 
  "fields": {
    "position_json": "{\"y\": -0.27, \"x\": 0.201}", 
    "connector_contact_type": 2, 
    "connector_insert": 21, 
    "name": "16", 
    "order": 16
  }
},
{
  "pk": 557, 
  "model": "Architect.connectorcontactinstance", 
  "fields": {
    "position_json": "{\"y\": 0.135, \"x\": -0.123}", 
    "connector_contact_type": 1, 
    "connector_insert": 20, 
    "name": "19", 
    "order": 19
  }
},
{
  "pk": 558, 
  "model": "Architect.connectorcontactinstance", 
  "fields": {
    "position_json": "{\"y\": 0.135, \"x\": 0.123}", 
    "connector_contact_type": 2, 
    "connector_insert": 21, 
    "name": "19", 
    "order": 19
  }
},
{
  "pk": 559, 
  "model": "Architect.connectorcontactinstance", 
  "fields": {
    "position_json": "{\"y\": 0.225, \"x\": -0.123}", 
    "connector_contact_type": 1, 
    "connector_insert": 20, 
    "name": "18", 
    "order": 18
  }
},
{
  "pk": 560, 
  "model": "Architect.connectorcontactinstance", 
  "fields": {
    "position_json": "{\"y\": 0.225, \"x\": 0.123}", 
    "connector_contact_type": 2, 
    "connector_insert": 21, 
    "name": "18", 
    "order": 18
  }
},
{
  "pk": 561, 
  "model": "Architect.connectorcontactinstance", 
  "fields": {
    "position_json": "{\"y\": -0.27, \"x\": 0.201}", 
    "connector_contact_type": 1, 
    "connector_insert": 20, 
    "name": "57", 
    "order": 57
  }
},
{
  "pk": 562, 
  "model": "Architect.connectorcontactinstance", 
  "fields": {
    "position_json": "{\"y\": -0.27, \"x\": -0.201}", 
    "connector_contact_type": 2, 
    "connector_insert": 21, 
    "name": "57", 
    "order": 57
  }
},
{
  "pk": 563, 
  "model": "Architect.connectorcontactinstance", 
  "fields": {
    "position_json": "{\"y\": -0.225, \"x\": -0.123}", 
    "connector_contact_type": 1, 
    "connector_insert": 20, 
    "name": "23", 
    "order": 23
  }
},
{
  "pk": 564, 
  "model": "Architect.connectorcontactinstance", 
  "fields": {
    "position_json": "{\"y\": -0.225, \"x\": 0.123}", 
    "connector_contact_type": 2, 
    "connector_insert": 21, 
    "name": "23", 
    "order": 23
  }
},
{
  "pk": 565, 
  "model": "Architect.connectorcontactinstance", 
  "fields": {
    "position_json": "{\"y\": 0.09, \"x\": 0.045}", 
    "connector_contact_type": 1, 
    "connector_insert": 20, 
    "name": "37", 
    "order": 37
  }
},
{
  "pk": 566, 
  "model": "Architect.connectorcontactinstance", 
  "fields": {
    "position_json": "{\"y\": 0.09, \"x\": -0.045}", 
    "connector_contact_type": 2, 
    "connector_insert": 21, 
    "name": "37", 
    "order": 37
  }
},
{
  "pk": 567, 
  "model": "Architect.connectorcontactinstance", 
  "fields": {
    "position_json": "{\"y\": 0.18, \"x\": 0.045}", 
    "connector_contact_type": 1, 
    "connector_insert": 20, 
    "name": "36", 
    "order": 36
  }
},
{
  "pk": 568, 
  "model": "Architect.connectorcontactinstance", 
  "fields": {
    "position_json": "{\"y\": 0.18, \"x\": -0.045}", 
    "connector_contact_type": 2, 
    "connector_insert": 21, 
    "name": "36", 
    "order": 36
  }
},
{
  "pk": 569, 
  "model": "Architect.connectorcontactinstance", 
  "fields": {
    "position_json": "{\"y\": 0.27, \"x\": 0.045}", 
    "connector_contact_type": 1, 
    "connector_insert": 20, 
    "name": "35", 
    "order": 35
  }
},
{
  "pk": 570, 
  "model": "Architect.connectorcontactinstance", 
  "fields": {
    "position_json": "{\"y\": 0.27, \"x\": -0.045}", 
    "connector_contact_type": 2, 
    "connector_insert": 21, 
    "name": "35", 
    "order": 35
  }
},
{
  "pk": 571, 
  "model": "Architect.connectorcontactinstance", 
  "fields": {
    "position_json": "{\"y\": 0.36, \"x\": 0.045}", 
    "connector_contact_type": 1, 
    "connector_insert": 20, 
    "name": "34", 
    "order": 34
  }
},
{
  "pk": 572, 
  "model": "Architect.connectorcontactinstance", 
  "fields": {
    "position_json": "{\"y\": 0.36, \"x\": -0.045}", 
    "connector_contact_type": 2, 
    "connector_insert": 21, 
    "name": "34", 
    "order": 34
  }
},
{
  "pk": 573, 
  "model": "Architect.connectorcontactinstance", 
  "fields": {
    "position_json": "{\"y\": -0.09, \"x\": 0.201}", 
    "connector_contact_type": 1, 
    "connector_insert": 20, 
    "name": "55", 
    "order": 55
  }
},
{
  "pk": 574, 
  "model": "Architect.connectorcontactinstance", 
  "fields": {
    "position_json": "{\"y\": -0.09, \"x\": -0.201}", 
    "connector_contact_type": 2, 
    "connector_insert": 21, 
    "name": "55", 
    "order": 55
  }
},
{
  "pk": 575, 
  "model": "Architect.connectorcontactinstance", 
  "fields": {
    "position_json": "{\"y\": 0.0, \"x\": 0.201}", 
    "connector_contact_type": 1, 
    "connector_insert": 20, 
    "name": "54", 
    "order": 54
  }
},
{
  "pk": 576, 
  "model": "Architect.connectorcontactinstance", 
  "fields": {
    "position_json": "{\"y\": 0.0, \"x\": -0.201}", 
    "connector_contact_type": 2, 
    "connector_insert": 21, 
    "name": "54", 
    "order": 54
  }
},
{
  "pk": 577, 
  "model": "Architect.connectorcontactinstance", 
  "fields": {
    "position_json": "{\"y\": -0.18, \"x\": -0.045}", 
    "connector_contact_type": 1, 
    "connector_insert": 20, 
    "name": "31", 
    "order": 31
  }
},
{
  "pk": 578, 
  "model": "Architect.connectorcontactinstance", 
  "fields": {
    "position_json": "{\"y\": -0.18, \"x\": 0.045}", 
    "connector_contact_type": 2, 
    "connector_insert": 21, 
    "name": "31", 
    "order": 31
  }
},
{
  "pk": 579, 
  "model": "Architect.connectorcontactinstance", 
  "fields": {
    "position_json": "{\"y\": 0.0, \"x\": 0.357}", 
    "connector_contact_type": 1, 
    "connector_insert": 20, 
    "name": "65", 
    "order": 65
  }
},
{
  "pk": 580, 
  "model": "Architect.connectorcontactinstance", 
  "fields": {
    "position_json": "{\"y\": 0.0, \"x\": -0.357}", 
    "connector_contact_type": 2, 
    "connector_insert": 21, 
    "name": "65", 
    "order": 65
  }
},
{
  "pk": 581, 
  "model": "Architect.connectorcontactinstance", 
  "fields": {
    "position_json": "", 
    "connector_contact_type": 5, 
    "connector_insert": 16, 
    "name": "shell", 
    "order": 56
  }
},
{
  "pk": 582, 
  "model": "Architect.connectorcontactinstance", 
  "fields": {
    "position_json": "", 
    "connector_contact_type": 5, 
    "connector_insert": 17, 
    "name": "shell", 
    "order": 56
  }
},
{
  "pk": 583, 
  "model": "Architect.connectorcontactinstance", 
  "fields": {
    "position_json": "", 
    "connector_contact_type": 5, 
    "connector_insert": 18, 
    "name": "shell", 
    "order": 5
  }
},
{
  "pk": 584, 
  "model": "Architect.connectorcontactinstance", 
  "fields": {
    "position_json": "", 
    "connector_contact_type": 5, 
    "connector_insert": 19, 
    "name": "shell", 
    "order": 5
  }
},
{
  "pk": 585, 
  "model": "Architect.connectorcontactinstance", 
  "fields": {
    "position_json": "", 
    "connector_contact_type": 5, 
    "connector_insert": 20, 
    "name": "shell", 
    "order": 67
  }
},
{
  "pk": 586, 
  "model": "Architect.connectorcontactinstance", 
  "fields": {
    "position_json": "", 
    "connector_contact_type": 5, 
    "connector_insert": 21, 
    "name": "shell", 
    "order": 67
  }
},
{
  "pk": 1, 
  "model": "Architect.connectortype", 
  "fields": {
    "connector_series": 2, 
    "connector_key": null, 
    "connector_shell": 10, 
    "connector_insert": 16, 
    "name": "257-533M17-35PN-491"
  }
},
{
  "pk": 2, 
  "model": "Architect.connectortype", 
  "fields": {
    "connector_series": 2, 
    "connector_key": null, 
    "connector_shell": 12, 
    "connector_insert": 21, 
    "name": "257-533M19-35SN-491"
  }
},
{
  "pk": 3, 
  "model": "Architect.connectortype", 
  "fields": {
    "connector_series": 2, 
    "connector_key": null, 
    "connector_shell": 6, 
    "connector_insert": 19, 
    "name": "257-533M13-04SN-491"
  }
},
{
  "pk": 1, 
  "model": "Architect.connectorinstance", 
  "fields": {
    "position_json": "{\"x\":-2.6,\"y\":0}", 
    "part": 1, 
    "description": "Vehicle", 
    "connector_type": 1, 
    "name": "J1"
  }
},
{
  "pk": 2, 
  "model": "Architect.connectorinstance", 
  "fields": {
    "position_json": "{\"x\":2.6,\"y\":0}", 
    "part": 1, 
    "description": "Engine", 
    "connector_type": 2, 
    "name": "J2"
  }
},
{
  "pk": 3, 
  "model": "Architect.connectorinstance", 
  "fields": {
    "position_json": "{\"x\":0,\"y\":-1.3}", 
    "part": 1, 
    "description": "Throttle Valve", 
    "connector_type": 3, 
    "name": "J3"
  }
},
{
  "pk": 1, 
  "model": "Architect.channeltype", 
  "fields": {
    "name": "RS422, Asynchronous", 
    "summary": ""
  }
},
{
  "pk": 2, 
  "model": "Architect.channeltype", 
  "fields": {
    "name": "Power Input, 18V-36V", 
    "summary": ""
  }
},
{
  "pk": 3, 
  "model": "Architect.channeltype", 
  "fields": {
    "name": "Power Output, 18V-36V", 
    "summary": ""
  }
},
{
  "pk": 4, 
  "model": "Architect.channeltype", 
  "fields": {
    "name": "Ethernet, 1000BASE-T", 
    "summary": ""
  }
},
{
  "pk": 5, 
  "model": "Architect.channeltype", 
  "fields": {
    "name": "Chassis", 
    "summary": ""
  }
},
{
  "pk": 6, 
  "model": "Architect.channeltype", 
  "fields": {
    "name": "JTAG, 3.3V", 
    "summary": ""
  }
},
{
  "pk": 7, 
  "model": "Architect.channeltype", 
  "fields": {
    "name": "JTAG Enable, 3.3V", 
    "summary": ""
  }
},
{
  "pk": 8, 
  "model": "Architect.channeltype", 
  "fields": {
    "name": "Sensor Input, 0-5V", 
    "summary": ""
  }
},
{
  "pk": 9, 
  "model": "Architect.channeltype", 
  "fields": {
    "name": "Sensor Output, 0-5V", 
    "summary": ""
  }
},
{
  "pk": 10, 
  "model": "Architect.channeltype", 
  "fields": {
    "name": "Sensor Input, 4-20mA", 
    "summary": ""
  }
},
{
  "pk": 11, 
  "model": "Architect.channeltype", 
  "fields": {
    "name": "Sensor Output, 4-20mA", 
    "summary": ""
  }
},
{
  "pk": 12, 
  "model": "Architect.channeltype", 
  "fields": {
    "name": "RTD Input, 3-Wire", 
    "summary": ""
  }
},
{
  "pk": 13, 
  "model": "Architect.channeltype", 
  "fields": {
    "name": "Motor, 3-Phase", 
    "summary": ""
  }
},
{
  "pk": 1, 
  "model": "Architect.channelinstance", 
  "fields": {
    "channel_type": 5, 
    "note": "", 
    "part": 1, 
    "name": "0"
  }
},
{
  "pk": 2, 
  "model": "Architect.channelinstance", 
  "fields": {
    "channel_type": 1, 
    "note": "", 
    "part": 1, 
    "name": "comm-a"
  }
},
{
  "pk": 3, 
  "model": "Architect.channelinstance", 
  "fields": {
    "channel_type": 1, 
    "note": "", 
    "part": 1, 
    "name": "comm-b"
  }
},
{
  "pk": 4, 
  "model": "Architect.channelinstance", 
  "fields": {
    "channel_type": 1, 
    "note": "", 
    "part": 1, 
    "name": "comm-c"
  }
},
{
  "pk": 5, 
  "model": "Architect.channelinstance", 
  "fields": {
    "channel_type": 2, 
    "note": "", 
    "part": 1, 
    "name": "logic"
  }
},
{
  "pk": 6, 
  "model": "Architect.channelinstance", 
  "fields": {
    "channel_type": 7, 
    "note": "not connected in flight; pull low to enable jtag programming", 
    "part": 1, 
    "name": "jtag-enable"
  }
},
{
  "pk": 7, 
  "model": "Architect.channelinstance", 
  "fields": {
    "channel_type": 6, 
    "note": "not connected in flight", 
    "part": 1, 
    "name": "FPGA"
  }
},
{
  "pk": 8, 
  "model": "Architect.channelinstance", 
  "fields": {
    "channel_type": 6, 
    "note": "1. not connected in flight\r\n2. this jtag port is psuedo jtag", 
    "part": 1, 
    "name": "microp"
  }
},
{
  "pk": 9, 
  "model": "Architect.channelinstance", 
  "fields": {
    "channel_type": 2, 
    "note": "", 
    "part": 1, 
    "name": "valve"
  }
},
{
  "pk": 10, 
  "model": "Architect.channelinstance", 
  "fields": {
    "channel_type": 2, 
    "note": "", 
    "part": 1, 
    "name": "motor"
  }
},
{
  "pk": 11, 
  "model": "Architect.channelinstance", 
  "fields": {
    "channel_type": 1, 
    "note": "not connected in flight", 
    "part": 1, 
    "name": "shadow"
  }
},
{
  "pk": 12, 
  "model": "Architect.channelinstance", 
  "fields": {
    "channel_type": 9, 
    "note": "not connected in flight", 
    "part": 1, 
    "name": "command"
  }
},
{
  "pk": 13, 
  "model": "Architect.channelinstance", 
  "fields": {
    "channel_type": 9, 
    "note": "not connected in flight", 
    "part": 1, 
    "name": "position"
  }
},
{
  "pk": 14, 
  "model": "Architect.channelinstance", 
  "fields": {
    "channel_type": 13, 
    "note": "", 
    "part": 1, 
    "name": "throttle"
  }
},
{
  "pk": 1, 
  "model": "Architect.channelsignaltype", 
  "fields": {
    "channel_type": 1, 
    "name": "TX-P", 
    "order": 1
  }
},
{
  "pk": 2, 
  "model": "Architect.channelsignaltype", 
  "fields": {
    "channel_type": 1, 
    "name": "TX-N", 
    "order": 2
  }
},
{
  "pk": 3, 
  "model": "Architect.channelsignaltype", 
  "fields": {
    "channel_type": 1, 
    "name": "RX-P", 
    "order": 3
  }
},
{
  "pk": 4, 
  "model": "Architect.channelsignaltype", 
  "fields": {
    "channel_type": 1, 
    "name": "RX-N", 
    "order": 4
  }
},
{
  "pk": 5, 
  "model": "Architect.channelsignaltype", 
  "fields": {
    "channel_type": 2, 
    "name": "P", 
    "order": 1
  }
},
{
  "pk": 6, 
  "model": "Architect.channelsignaltype", 
  "fields": {
    "channel_type": 2, 
    "name": "N", 
    "order": 2
  }
},
{
  "pk": 7, 
  "model": "Architect.channelsignaltype", 
  "fields": {
    "channel_type": 3, 
    "name": "P", 
    "order": 1
  }
},
{
  "pk": 8, 
  "model": "Architect.channelsignaltype", 
  "fields": {
    "channel_type": 3, 
    "name": "N", 
    "order": 2
  }
},
{
  "pk": 9, 
  "model": "Architect.channelsignaltype", 
  "fields": {
    "channel_type": 4, 
    "name": "MX0-P", 
    "order": 1
  }
},
{
  "pk": 10, 
  "model": "Architect.channelsignaltype", 
  "fields": {
    "channel_type": 4, 
    "name": "MX0-N", 
    "order": 2
  }
},
{
  "pk": 11, 
  "model": "Architect.channelsignaltype", 
  "fields": {
    "channel_type": 4, 
    "name": "MX1-P", 
    "order": 3
  }
},
{
  "pk": 12, 
  "model": "Architect.channelsignaltype", 
  "fields": {
    "channel_type": 4, 
    "name": "MX1-N", 
    "order": 4
  }
},
{
  "pk": 13, 
  "model": "Architect.channelsignaltype", 
  "fields": {
    "channel_type": 4, 
    "name": "MX2-P", 
    "order": 5
  }
},
{
  "pk": 14, 
  "model": "Architect.channelsignaltype", 
  "fields": {
    "channel_type": 4, 
    "name": "MX2-N", 
    "order": 6
  }
},
{
  "pk": 15, 
  "model": "Architect.channelsignaltype", 
  "fields": {
    "channel_type": 4, 
    "name": "MX3-P", 
    "order": 7
  }
},
{
  "pk": 16, 
  "model": "Architect.channelsignaltype", 
  "fields": {
    "channel_type": 4, 
    "name": "MX3-N", 
    "order": 8
  }
},
{
  "pk": 17, 
  "model": "Architect.channelsignaltype", 
  "fields": {
    "channel_type": 5, 
    "name": "chassis", 
    "order": 1
  }
},
{
  "pk": 18, 
  "model": "Architect.channelsignaltype", 
  "fields": {
    "channel_type": 6, 
    "name": "TDI", 
    "order": 1
  }
},
{
  "pk": 19, 
  "model": "Architect.channelsignaltype", 
  "fields": {
    "channel_type": 6, 
    "name": "TDO", 
    "order": 2
  }
},
{
  "pk": 20, 
  "model": "Architect.channelsignaltype", 
  "fields": {
    "channel_type": 6, 
    "name": "TCK", 
    "order": 3
  }
},
{
  "pk": 21, 
  "model": "Architect.channelsignaltype", 
  "fields": {
    "channel_type": 6, 
    "name": "TMS", 
    "order": 4
  }
},
{
  "pk": 22, 
  "model": "Architect.channelsignaltype", 
  "fields": {
    "channel_type": 6, 
    "name": "VREF", 
    "order": 5
  }
},
{
  "pk": 23, 
  "model": "Architect.channelsignaltype", 
  "fields": {
    "channel_type": 6, 
    "name": "GND", 
    "order": 6
  }
},
{
  "pk": 24, 
  "model": "Architect.channelsignaltype", 
  "fields": {
    "channel_type": 7, 
    "name": "VREF", 
    "order": 1
  }
},
{
  "pk": 25, 
  "model": "Architect.channelsignaltype", 
  "fields": {
    "channel_type": 7, 
    "name": "GND", 
    "order": 2
  }
},
{
  "pk": 26, 
  "model": "Architect.channelsignaltype", 
  "fields": {
    "channel_type": 8, 
    "name": "P", 
    "order": 1
  }
},
{
  "pk": 27, 
  "model": "Architect.channelsignaltype", 
  "fields": {
    "channel_type": 8, 
    "name": "N", 
    "order": 2
  }
},
{
  "pk": 28, 
  "model": "Architect.channelsignaltype", 
  "fields": {
    "channel_type": 9, 
    "name": "P", 
    "order": 1
  }
},
{
  "pk": 29, 
  "model": "Architect.channelsignaltype", 
  "fields": {
    "channel_type": 9, 
    "name": "N", 
    "order": 2
  }
},
{
  "pk": 30, 
  "model": "Architect.channelsignaltype", 
  "fields": {
    "channel_type": 10, 
    "name": "DRV", 
    "order": 1
  }
},
{
  "pk": 31, 
  "model": "Architect.channelsignaltype", 
  "fields": {
    "channel_type": 10, 
    "name": "RTN", 
    "order": 2
  }
},
{
  "pk": 32, 
  "model": "Architect.channelsignaltype", 
  "fields": {
    "channel_type": 11, 
    "name": "DRV", 
    "order": 1
  }
},
{
  "pk": 33, 
  "model": "Architect.channelsignaltype", 
  "fields": {
    "channel_type": 11, 
    "name": "RTN", 
    "order": 2
  }
},
{
  "pk": 34, 
  "model": "Architect.channelsignaltype", 
  "fields": {
    "channel_type": 12, 
    "name": "DRV", 
    "order": 1
  }
},
{
  "pk": 35, 
  "model": "Architect.channelsignaltype", 
  "fields": {
    "channel_type": 12, 
    "name": "SNS", 
    "order": 2
  }
},
{
  "pk": 36, 
  "model": "Architect.channelsignaltype", 
  "fields": {
    "channel_type": 12, 
    "name": "RTN", 
    "order": 3
  }
},
{
  "pk": 37, 
  "model": "Architect.channelsignaltype", 
  "fields": {
    "channel_type": 13, 
    "name": "A", 
    "order": 1
  }
},
{
  "pk": 38, 
  "model": "Architect.channelsignaltype", 
  "fields": {
    "channel_type": 13, 
    "name": "B", 
    "order": 2
  }
},
{
  "pk": 39, 
  "model": "Architect.channelsignaltype", 
  "fields": {
    "channel_type": 13, 
    "name": "C", 
    "order": 3
  }
},
{
  "pk": 1, 
  "model": "Architect.channelsignalinstance", 
  "fields": {
    "connector_contact_instance": 509, 
    "channel_signal_type": 17, 
    "channel_instance": 1, 
    "connector_instance": 1
  }
},
{
  "pk": 2, 
  "model": "Architect.channelsignalinstance", 
  "fields": {
    "connector_contact_instance": 387, 
    "channel_signal_type": 17, 
    "channel_instance": 1, 
    "connector_instance": 1
  }
},
{
  "pk": 3, 
  "model": "Architect.channelsignalinstance", 
  "fields": {
    "connector_contact_instance": 411, 
    "channel_signal_type": 17, 
    "channel_instance": 1, 
    "connector_instance": 1
  }
},
{
  "pk": 4, 
  "model": "Architect.channelsignalinstance", 
  "fields": {
    "connector_contact_instance": 335, 
    "channel_signal_type": 17, 
    "channel_instance": 1, 
    "connector_instance": 1
  }
},
{
  "pk": 9, 
  "model": "Architect.channelsignalinstance", 
  "fields": {
    "connector_contact_instance": 331, 
    "channel_signal_type": 17, 
    "channel_instance": 1, 
    "connector_instance": 1
  }
},
{
  "pk": 10, 
  "model": "Architect.channelsignalinstance", 
  "fields": {
    "connector_contact_instance": 365, 
    "channel_signal_type": 17, 
    "channel_instance": 1, 
    "connector_instance": 1
  }
},
{
  "pk": 11, 
  "model": "Architect.channelsignalinstance", 
  "fields": {
    "connector_contact_instance": 439, 
    "channel_signal_type": 17, 
    "channel_instance": 1, 
    "connector_instance": 1
  }
},
{
  "pk": 12, 
  "model": "Architect.channelsignalinstance", 
  "fields": {
    "connector_contact_instance": 401, 
    "channel_signal_type": 1, 
    "channel_instance": 2, 
    "connector_instance": 1
  }
},
{
  "pk": 13, 
  "model": "Architect.channelsignalinstance", 
  "fields": {
    "connector_contact_instance": 399, 
    "channel_signal_type": 2, 
    "channel_instance": 2, 
    "connector_instance": 1
  }
},
{
  "pk": 14, 
  "model": "Architect.channelsignalinstance", 
  "fields": {
    "connector_contact_instance": 559, 
    "channel_signal_type": 3, 
    "channel_instance": 2, 
    "connector_instance": 1
  }
},
{
  "pk": 15, 
  "model": "Architect.channelsignalinstance", 
  "fields": {
    "connector_contact_instance": 557, 
    "channel_signal_type": 4, 
    "channel_instance": 2, 
    "connector_instance": 1
  }
},
{
  "pk": 16, 
  "model": "Architect.channelsignalinstance", 
  "fields": {
    "connector_contact_instance": 347, 
    "channel_signal_type": 1, 
    "channel_instance": 3, 
    "connector_instance": 1
  }
},
{
  "pk": 17, 
  "model": "Architect.channelsignalinstance", 
  "fields": {
    "connector_contact_instance": 477, 
    "channel_signal_type": 2, 
    "channel_instance": 3, 
    "connector_instance": 1
  }
},
{
  "pk": 18, 
  "model": "Architect.channelsignalinstance", 
  "fields": {
    "connector_contact_instance": 419, 
    "channel_signal_type": 3, 
    "channel_instance": 3, 
    "connector_instance": 1
  }
},
{
  "pk": 19, 
  "model": "Architect.channelsignalinstance", 
  "fields": {
    "connector_contact_instance": 417, 
    "channel_signal_type": 4, 
    "channel_instance": 3, 
    "connector_instance": 1
  }
},
{
  "pk": 20, 
  "model": "Architect.channelsignalinstance", 
  "fields": {
    "connector_contact_instance": 373, 
    "channel_signal_type": 1, 
    "channel_instance": 4, 
    "connector_instance": 1
  }
},
{
  "pk": 21, 
  "model": "Architect.channelsignalinstance", 
  "fields": {
    "connector_contact_instance": 375, 
    "channel_signal_type": 2, 
    "channel_instance": 4, 
    "connector_instance": 1
  }
},
{
  "pk": 22, 
  "model": "Architect.channelsignalinstance", 
  "fields": {
    "connector_contact_instance": 363, 
    "channel_signal_type": 3, 
    "channel_instance": 4, 
    "connector_instance": 1
  }
},
{
  "pk": 23, 
  "model": "Architect.channelsignalinstance", 
  "fields": {
    "connector_contact_instance": 357, 
    "channel_signal_type": 4, 
    "channel_instance": 4, 
    "connector_instance": 1
  }
},
{
  "pk": 24, 
  "model": "Architect.channelsignalinstance", 
  "fields": {
    "connector_contact_instance": 385, 
    "channel_signal_type": 5, 
    "channel_instance": 5, 
    "connector_instance": 1
  }
},
{
  "pk": 25, 
  "model": "Architect.channelsignalinstance", 
  "fields": {
    "connector_contact_instance": 383, 
    "channel_signal_type": 5, 
    "channel_instance": 5, 
    "connector_instance": 1
  }
},
{
  "pk": 26, 
  "model": "Architect.channelsignalinstance", 
  "fields": {
    "connector_contact_instance": 403, 
    "channel_signal_type": 6, 
    "channel_instance": 5, 
    "connector_instance": 1
  }
},
{
  "pk": 27, 
  "model": "Architect.channelsignalinstance", 
  "fields": {
    "connector_contact_instance": 413, 
    "channel_signal_type": 6, 
    "channel_instance": 5, 
    "connector_instance": 1
  }
},
{
  "pk": 28, 
  "model": "Architect.channelsignalinstance", 
  "fields": {
    "connector_contact_instance": 427, 
    "channel_signal_type": 24, 
    "channel_instance": 6, 
    "connector_instance": 1
  }
},
{
  "pk": 29, 
  "model": "Architect.channelsignalinstance", 
  "fields": {
    "connector_contact_instance": 403, 
    "channel_signal_type": 25, 
    "channel_instance": 6, 
    "connector_instance": 1
  }
},
{
  "pk": 30, 
  "model": "Architect.channelsignalinstance", 
  "fields": {
    "connector_contact_instance": 413, 
    "channel_signal_type": 25, 
    "channel_instance": 6, 
    "connector_instance": 1
  }
},
{
  "pk": 31, 
  "model": "Architect.channelsignalinstance", 
  "fields": {
    "connector_contact_instance": 353, 
    "channel_signal_type": 18, 
    "channel_instance": 7, 
    "connector_instance": 1
  }
},
{
  "pk": 32, 
  "model": "Architect.channelsignalinstance", 
  "fields": {
    "connector_contact_instance": 397, 
    "channel_signal_type": 19, 
    "channel_instance": 7, 
    "connector_instance": 1
  }
},
{
  "pk": 33, 
  "model": "Architect.channelsignalinstance", 
  "fields": {
    "connector_contact_instance": 389, 
    "channel_signal_type": 20, 
    "channel_instance": 7, 
    "connector_instance": 1
  }
},
{
  "pk": 34, 
  "model": "Architect.channelsignalinstance", 
  "fields": {
    "connector_contact_instance": 355, 
    "channel_signal_type": 21, 
    "channel_instance": 7, 
    "connector_instance": 1
  }
},
{
  "pk": 35, 
  "model": "Architect.channelsignalinstance", 
  "fields": {
    "connector_contact_instance": 377, 
    "channel_signal_type": 22, 
    "channel_instance": 7, 
    "connector_instance": 1
  }
},
{
  "pk": 36, 
  "model": "Architect.channelsignalinstance", 
  "fields": {
    "connector_contact_instance": 403, 
    "channel_signal_type": 23, 
    "channel_instance": 7, 
    "connector_instance": 1
  }
},
{
  "pk": 37, 
  "model": "Architect.channelsignalinstance", 
  "fields": {
    "connector_contact_instance": 413, 
    "channel_signal_type": 23, 
    "channel_instance": 7, 
    "connector_instance": 1
  }
},
{
  "pk": 38, 
  "model": "Architect.channelsignalinstance", 
  "fields": {
    "connector_contact_instance": 535, 
    "channel_signal_type": 18, 
    "channel_instance": 8, 
    "connector_instance": 1
  }
},
{
  "pk": 39, 
  "model": "Architect.channelsignalinstance", 
  "fields": {
    "connector_contact_instance": 359, 
    "channel_signal_type": 19, 
    "channel_instance": 8, 
    "connector_instance": 1
  }
},
{
  "pk": 40, 
  "model": "Architect.channelsignalinstance", 
  "fields": {
    "connector_contact_instance": 423, 
    "channel_signal_type": 20, 
    "channel_instance": 8, 
    "connector_instance": 1
  }
},
{
  "pk": 41, 
  "model": "Architect.channelsignalinstance", 
  "fields": {
    "connector_contact_instance": 341, 
    "channel_signal_type": 21, 
    "channel_instance": 8, 
    "connector_instance": 1
  }
},
{
  "pk": 42, 
  "model": "Architect.channelsignalinstance", 
  "fields": {
    "connector_contact_instance": 403, 
    "channel_signal_type": 23, 
    "channel_instance": 8, 
    "connector_instance": 1
  }
},
{
  "pk": 43, 
  "model": "Architect.channelsignalinstance", 
  "fields": {
    "connector_contact_instance": 413, 
    "channel_signal_type": 23, 
    "channel_instance": 8, 
    "connector_instance": 1
  }
},
{
  "pk": 44, 
  "model": "Architect.channelsignalinstance", 
  "fields": {
    "connector_contact_instance": 361, 
    "channel_signal_type": 5, 
    "channel_instance": 9, 
    "connector_instance": 1
  }
},
{
  "pk": 45, 
  "model": "Architect.channelsignalinstance", 
  "fields": {
    "connector_contact_instance": 405, 
    "channel_signal_type": 5, 
    "channel_instance": 9, 
    "connector_instance": 1
  }
},
{
  "pk": 46, 
  "model": "Architect.channelsignalinstance", 
  "fields": {
    "connector_contact_instance": 345, 
    "channel_signal_type": 6, 
    "channel_instance": 9, 
    "connector_instance": 1
  }
},
{
  "pk": 47, 
  "model": "Architect.channelsignalinstance", 
  "fields": {
    "connector_contact_instance": 415, 
    "channel_signal_type": 6, 
    "channel_instance": 9, 
    "connector_instance": 1
  }
},
{
  "pk": 48, 
  "model": "Architect.channelsignalinstance", 
  "fields": {
    "connector_contact_instance": 333, 
    "channel_signal_type": 5, 
    "channel_instance": 10, 
    "connector_instance": 1
  }
},
{
  "pk": 49, 
  "model": "Architect.channelsignalinstance", 
  "fields": {
    "connector_contact_instance": 367, 
    "channel_signal_type": 5, 
    "channel_instance": 10, 
    "connector_instance": 1
  }
},
{
  "pk": 50, 
  "model": "Architect.channelsignalinstance", 
  "fields": {
    "connector_contact_instance": 343, 
    "channel_signal_type": 5, 
    "channel_instance": 10, 
    "connector_instance": 1
  }
},
{
  "pk": 51, 
  "model": "Architect.channelsignalinstance", 
  "fields": {
    "connector_contact_instance": 435, 
    "channel_signal_type": 5, 
    "channel_instance": 10, 
    "connector_instance": 1
  }
},
{
  "pk": 52, 
  "model": "Architect.channelsignalinstance", 
  "fields": {
    "connector_contact_instance": 379, 
    "channel_signal_type": 6, 
    "channel_instance": 10, 
    "connector_instance": 1
  }
},
{
  "pk": 53, 
  "model": "Architect.channelsignalinstance", 
  "fields": {
    "connector_contact_instance": 391, 
    "channel_signal_type": 6, 
    "channel_instance": 10, 
    "connector_instance": 1
  }
},
{
  "pk": 54, 
  "model": "Architect.channelsignalinstance", 
  "fields": {
    "connector_contact_instance": 393, 
    "channel_signal_type": 6, 
    "channel_instance": 10, 
    "connector_instance": 1
  }
},
{
  "pk": 55, 
  "model": "Architect.channelsignalinstance", 
  "fields": {
    "connector_contact_instance": 409, 
    "channel_signal_type": 6, 
    "channel_instance": 10, 
    "connector_instance": 1
  }
},
{
  "pk": 56, 
  "model": "Architect.channelsignalinstance", 
  "fields": {
    "connector_contact_instance": 351, 
    "channel_signal_type": 1, 
    "channel_instance": 11, 
    "connector_instance": 1
  }
},
{
  "pk": 57, 
  "model": "Architect.channelsignalinstance", 
  "fields": {
    "connector_contact_instance": 523, 
    "channel_signal_type": 2, 
    "channel_instance": 11, 
    "connector_instance": 1
  }
},
{
  "pk": 58, 
  "model": "Architect.channelsignalinstance", 
  "fields": {
    "connector_contact_instance": 431, 
    "channel_signal_type": 29, 
    "channel_instance": 12, 
    "connector_instance": 1
  }
},
{
  "pk": 59, 
  "model": "Architect.channelsignalinstance", 
  "fields": {
    "connector_contact_instance": 429, 
    "channel_signal_type": 28, 
    "channel_instance": 12, 
    "connector_instance": 1
  }
},
{
  "pk": 60, 
  "model": "Architect.channelsignalinstance", 
  "fields": {
    "connector_contact_instance": 369, 
    "channel_signal_type": 28, 
    "channel_instance": 13, 
    "connector_instance": 1
  }
},
{
  "pk": 61, 
  "model": "Architect.channelsignalinstance", 
  "fields": {
    "connector_contact_instance": 337, 
    "channel_signal_type": 29, 
    "channel_instance": 13, 
    "connector_instance": 1
  }
},
{
  "pk": 62, 
  "model": "Architect.channelsignalinstance", 
  "fields": {
    "connector_contact_instance": 581, 
    "channel_signal_type": 17, 
    "channel_instance": 1, 
    "connector_instance": 1
  }
},
{
  "pk": 63, 
  "model": "Architect.channelsignalinstance", 
  "fields": {
    "connector_contact_instance": 586, 
    "channel_signal_type": 17, 
    "channel_instance": 1, 
    "connector_instance": 2
  }
},
{
  "pk": 64, 
  "model": "Architect.channelsignalinstance", 
  "fields": {
    "connector_contact_instance": 584, 
    "channel_signal_type": 17, 
    "channel_instance": 1, 
    "connector_instance": 3
  }
},
{
  "pk": 65, 
  "model": "Architect.channelsignalinstance", 
  "fields": {
    "connector_contact_instance": 448, 
    "channel_signal_type": 17, 
    "channel_instance": 1, 
    "connector_instance": 3
  }
},
{
  "pk": 66, 
  "model": "Architect.channelsignalinstance", 
  "fields": {
    "connector_contact_instance": 442, 
    "channel_signal_type": 37, 
    "channel_instance": 14, 
    "connector_instance": 3
  }
},
{
  "pk": 67, 
  "model": "Architect.channelsignalinstance", 
  "fields": {
    "connector_contact_instance": 446, 
    "channel_signal_type": 38, 
    "channel_instance": 14, 
    "connector_instance": 3
  }
},
{
  "pk": 68, 
  "model": "Architect.channelsignalinstance", 
  "fields": {
    "connector_contact_instance": 444, 
    "channel_signal_type": 39, 
    "channel_instance": 14, 
    "connector_instance": 3
  }
},
{
  "pk": 69, 
  "model": "Architect.channelsignalinstance", 
  "fields": {
    "connector_contact_instance": 564, 
    "channel_signal_type": 17, 
    "channel_instance": 1, 
    "connector_instance": 2
  }
},
{
  "pk": 70, 
  "model": "Architect.channelsignalinstance", 
  "fields": {
    "connector_contact_instance": 550, 
    "channel_signal_type": 17, 
    "channel_instance": 1, 
    "connector_instance": 2
  }
},
{
  "pk": 71, 
  "model": "Architect.channelsignalinstance", 
  "fields": {
    "connector_contact_instance": 538, 
    "channel_signal_type": 17, 
    "channel_instance": 1, 
    "connector_instance": 2
  }
},
{
  "pk": 72, 
  "model": "Architect.channelsignalinstance", 
  "fields": {
    "connector_contact_instance": 504, 
    "channel_signal_type": 17, 
    "channel_instance": 1, 
    "connector_instance": 2
  }
},
{
  "pk": 73, 
  "model": "Architect.channelsignalinstance", 
  "fields": {
    "connector_contact_instance": 488, 
    "channel_signal_type": 17, 
    "channel_instance": 1, 
    "connector_instance": 2
  }
},
{
  "pk": 74, 
  "model": "Architect.channelsignalinstance", 
  "fields": {
    "connector_contact_instance": 425, 
    "channel_signal_type": 5, 
    "channel_instance": 10, 
    "connector_instance": 1
  }
},
{
  "pk": 75, 
  "model": "Architect.channelsignalinstance", 
  "fields": {
    "connector_contact_instance": 407, 
    "channel_signal_type": 5, 
    "channel_instance": 10, 
    "connector_instance": 1
  }
},
{
  "pk": 76, 
  "model": "Architect.channelsignalinstance", 
  "fields": {
    "connector_contact_instance": 349, 
    "channel_signal_type": 6, 
    "channel_instance": 10, 
    "connector_instance": 1
  }
},
{
  "pk": 77, 
  "model": "Architect.channelsignalinstance", 
  "fields": {
    "connector_contact_instance": 421, 
    "channel_signal_type": 6, 
    "channel_instance": 10, 
    "connector_instance": 1
  }
}
]
